date,total_count,proportion,ci_lower,ci_upper
2019-12-23,1,0,0,0
2019-12-26,2,0,0,0
2019-12-30,13,0,0,0
2019-12-31,1,0,0,0
2020-01-01,3,0,0,0
2020-01-02,2,0,0,0
2020-01-03,1,0,0,0
2020-01-04,1,0,0,0
2020-01-05,2,0,0,0
2020-01-07,1,0,0,0
2020-01-08,2,0,0,0
2020-01-10,14,0,0,0
2020-01-11,1,0,0,0
2020-01-12,25,0,0,0
2020-01-13,1,0,0,0
2020-01-14,11,0,0,0
2020-01-15,19,0,0,0
2020-01-16,9,0,0,0
2020-01-17,2,0,0,0
2020-01-19,23,0,0,0
2020-01-20,5,0,0,0
2020-01-21,8,0,0,0
2020-01-22,25,0,0,0
2020-01-23,13,0,0,0
2020-01-24,9,0,0,0
2020-01-25,25,0,0,0
2020-01-26,16,0,0,0
2020-01-27,20,0,0,0
2020-01-28,11,0,0,0
2020-01-29,46,0,0,0
2020-01-30,22,0,0,0
2020-01-31,15,0,0,0
2020-02-01,17,0,0,0
2020-02-02,18,0,0,0
2020-02-03,23,0,0,0
2020-02-04,10,0,0,0
2020-02-05,16,0,0,0
2020-02-06,31,0,0,0
2020-02-07,29,0,0,0
2020-02-08,27,0,0,0
2020-02-09,25,0,0,0
2020-02-10,22,0,0,0
2020-02-11,25,0,0,0
2020-02-12,12,0,0,0
2020-02-13,15,0,0,0
2020-02-14,10,0,0,0
2020-02-15,37,0,0,0
2020-02-16,36,0,0,0
2020-02-17,47,0,0,0
2020-02-18,23,0,0,0
2020-02-19,16,0,0,0
2020-02-20,11,0,0,0
2020-02-21,17,0,0,0
2020-02-22,13,0,0,0
2020-02-23,12,0,0,0
2020-02-24,30,0,0,0
2020-02-25,34,0,0,0
2020-02-26,28,0,0,0
2020-02-27,63,0,0,0
2020-02-28,67,0,0,0
2020-02-29,83,0,0,0
2020-03-01,150,0,0,0
2020-03-02,203,0,0,0
2020-03-03,224,0,0,0
2020-03-04,231,0,0,0
2020-03-05,243,0,0,0
2020-03-06,208,0,0,0
2020-03-07,177,0,0,0
2020-03-08,211,0,0,0
2020-03-09,384,0,0,0
2020-03-10,423,0,0,0
2020-03-11,528,0,0,0
2020-03-12,721,0,0,0
2020-03-13,812,0,0,0
2020-03-14,837,0,0,0
2020-03-15,984,0,0,0
2020-03-16,1243,0,0,0
2020-03-17,1178,0,0,0
2020-03-18,1167,0,0,0
2020-03-19,1152,0,0,0
2020-03-20,1115,0,0,0
2020-03-21,977,0,0,0
2020-03-22,860,0,0,0
2020-03-23,1667,0,0,0
2020-03-24,1798,0,0,0
2020-03-25,1656,0,0,0
2020-03-26,1703,0,0,0
2020-03-27,1705,0,0,0
2020-03-28,1367,0,0,0
2020-03-29,1261,0,0,0
2020-03-30,1817,0,0,0
2020-03-31,1893,0,0,0
2020-04-01,1896,0,0,0
2020-04-02,1595,0,0,0
2020-04-03,1697,0,0,0
2020-04-04,1253,0,0,0
2020-04-05,995,0,0,0
2020-04-06,1727,0,0,0
2020-04-07,1468,0,0,0
2020-04-08,1531,0,0,0
2020-04-09,1151,0,0,0
2020-04-10,1244,0,0,0
2020-04-11,1029,0,0,0
2020-04-12,856,0,0,0
2020-04-13,1345,0,0,0
2020-04-14,1243,0,0,0
2020-04-15,1167,0,0,0
2020-04-16,1128,0,0,0
2020-04-17,1019,0,0,0
2020-04-18,777,0,0,0
2020-04-19,669,0,0,0
2020-04-20,1134,0,0,0
2020-04-21,1085,0,0,0
2020-04-22,1105,0,0,0
2020-04-23,947,0,0,0
2020-04-24,930,0,0,0
2020-04-25,570,0,0,0
2020-04-26,482,0,0,0
2020-04-27,1049,0,0,0
2020-04-28,911,0,0,0
2020-04-29,1123,0,0,0
2020-04-30,1125,0,0,0
2020-05-01,1008,0,0,0
2020-05-02,601,0,0,0
2020-05-03,508,0,0,0
2020-05-04,1004,0,0,0
2020-05-05,946,0,0,0
2020-05-06,807,0,0,0
2020-05-07,739,0,0,0
2020-05-08,675,0,0,0
2020-05-09,505,0,0,0
2020-05-10,454,0,0,0
2020-05-11,804,0,0,0
2020-05-12,781,0,0,0
2020-05-13,770,0,0,0
2020-05-14,796,0,0,0
2020-05-15,527,0,0,0
2020-05-16,296,0,0,0
2020-05-17,253,0,0,0
2020-05-18,577,0,0,0
2020-05-19,680,0,0,0
2020-05-20,505,0,0,0
2020-05-21,484,0,0,0
2020-05-22,619,0,0,0
2020-05-23,280,0,0,0
2020-05-24,276,0,0,0
2020-05-25,309,0,0,0
2020-05-26,539,0,0,0
2020-05-27,537,0,0,0
2020-05-28,348,0,0,0
2020-05-29,382,0,0,0
2020-05-30,278,0,0,0
2020-05-31,212,0,0,0
2020-06-01,525,0,0,0
2020-06-02,603,0,0,0
2020-06-03,403,0,0,0
2020-06-04,450,0,0,0
2020-06-05,412,0,0,0
2020-06-06,219,0,0,0
2020-06-07,355,0,0,0
2020-06-08,625,0,0,0
2020-06-09,535,0,0,0
2020-06-10,598,0,0,0
2020-06-11,749,0,0,0
2020-06-12,685,0,0,0
2020-06-13,641,0,0,0
2020-06-14,565,0,0,0
2020-06-15,849,0,0,0
2020-06-16,745,0,0,0
2020-06-17,666,0,0,0
2020-06-18,719,0,0,0
2020-06-19,742,0,0,0
2020-06-20,423,0,0,0
2020-06-21,480,0,0,0
2020-06-22,569,0,0,0
2020-06-23,615,0,0,0
2020-06-24,700,0,0,0
2020-06-25,571,0,0,0
2020-06-26,475,0,0,0
2020-06-27,376,0,0,0
2020-06-28,273,0,0,0
2020-06-29,594,0,0,0
2020-06-30,583,0,0,0
2020-07-01,625,0,0,0
2020-07-02,749,0,0,0
2020-07-03,520,0,0,0
2020-07-04,325,0,0,0
2020-07-05,296,0,0,0
2020-07-06,672,0,0,0
2020-07-07,730,0,0,0
2020-07-08,827,0,0,0
2020-07-09,756,0,0,0
2020-07-10,594,0,0,0
2020-07-11,416,0,0,0
2020-07-12,335,0,0,0
2020-07-13,727,0,0,0
2020-07-14,732,0,0,0
2020-07-15,935,0,0,0
2020-07-16,718,0,0,0
2020-07-17,702,0,0,0
2020-07-18,583,0,0,0
2020-07-19,440,0,0,0
2020-07-20,692,0,0,0
2020-07-21,789,0,0,0
2020-07-22,651,0,0,0
2020-07-23,828,0,0,0
2020-07-24,671,0,0,0
2020-07-25,467,0,0,0
2020-07-26,324,0,0,0
2020-07-27,829,0,0,0
2020-07-28,679,0,0,0
2020-07-29,688,0,0,0
2020-07-30,625,0,0,0
2020-07-31,578,0,0,0
2020-08-01,544,0,0,0
2020-08-02,441,0,0,0
2020-08-03,914,0,0,0
2020-08-04,751,0,0,0
2020-08-05,603,0,0,0
2020-08-06,714,0,0,0
2020-08-07,579,0,0,0
2020-08-08,399,0,0,0
2020-08-09,450,0,0,0
2020-08-10,804,0,0,0
2020-08-11,766,0,0,0
2020-08-12,690,0,0,0
2020-08-13,791,0,0,0
2020-08-14,712,0,0,0
2020-08-15,416,0,0,0
2020-08-16,367,0,0,0
2020-08-17,863,0,0,0
2020-08-18,789,0,0,0
2020-08-19,772,0,0,0
2020-08-20,944,0,0,0
2020-08-21,771,0,0,0
2020-08-22,361,0,0,0
2020-08-23,359,0,0,0
2020-08-24,685,0,0,0
2020-08-25,737,0.0013568521031207597,0.00023825837585531693,0.0076044829533078225
2020-08-26,987,0,0,0
2020-08-27,911,0,0,0
2020-08-28,749,0,0,0
2020-08-29,534,0,0,0
2020-08-30,650,0,0,0
2020-08-31,1039,0,0,0
2020-09-01,947,0,0,0
2020-09-02,773,0,0,0
2020-09-03,960,0,0,0
2020-09-04,818,0,0,0
2020-09-05,439,0,0,0
2020-09-06,316,0,0,0
2020-09-07,889,0,0,0
2020-09-08,840,0,0,0
2020-09-09,1386,0,0,0
2020-09-10,1669,0,0,0
2020-09-11,891,0,0,0
2020-09-12,390,0,0,0
2020-09-13,364,0,0,0
2020-09-14,847,0,0,0
2020-09-15,839,0,0,0
2020-09-16,2032,0,0,0
2020-09-17,980,0,0,0
2020-09-18,1263,0,0,0
2020-09-19,803,0,0,0
2020-09-20,689,0,0,0
2020-09-21,1492,0,0,0
2020-09-22,1047,0,0,0
2020-09-23,1343,0,0,0
2020-09-24,2629,0,0,0
2020-09-25,1137,0,0,0
2020-09-26,498,0,0,0
2020-09-27,1073,0,0,0
2020-09-28,823,0,0,0
2020-09-29,1216,0,0,0
2020-09-30,1132,0,0,0
2020-10-01,2137,0,0,0
2020-10-02,1454,0,0,0
2020-10-03,1272,0,0,0
2020-10-04,691,0,0,0
2020-10-05,2285,0,0,0
2020-10-06,1996,0,0,0
2020-10-07,2013,0,0,0
2020-10-08,1859,0,0,0
2020-10-09,1586,0,0,0
2020-10-10,831,0,0,0
2020-10-11,1018,0,0,0
2020-10-12,2134,0,0,0
2020-10-13,1602,0,0,0
2020-10-14,1952,0,0,0
2020-10-15,2530,0,0,0
2020-10-16,1509,0,0,0
2020-10-17,1239,0,0,0
2020-10-18,763,0,0,0
2020-10-19,1930,0,0,0
2020-10-20,2144,0,0,0
2020-10-21,2499,0,0,0
2020-10-22,2011,0,0,0
2020-10-23,1518,0,0,0
2020-10-24,1553,0,0,0
2020-10-25,827,0,0,0
2020-10-26,2666,0,0,0
2020-10-27,1771,0,0,0
2020-10-28,1389,0,0,0
2020-10-29,2134,0,0,0
2020-10-30,2214,0,0,0
2020-10-31,1025,0,0,0
2020-11-01,2530,0,0,0
2020-11-02,3692,0,0,0
2020-11-03,2220,0,0,0
2020-11-04,3306,0,0,0
2020-11-05,2981,0,0,0
2020-11-06,2315,0,0,0
2020-11-07,1765,0,0,0
2020-11-08,2626,0,0,0
2020-11-09,2962,0,0,0
2020-11-10,2276,0,0,0
2020-11-11,2604,0,0,0
2020-11-12,3232,0,0,0
2020-11-13,2948,0,0,0
2020-11-14,2660,0,0,0
2020-11-15,1488,0,0,0
2020-11-16,1700,0,0,0
2020-11-17,2127,0,0,0
2020-11-18,2923,0,0,0
2020-11-19,1365,0,0,0
2020-11-20,1879,0,0,0
2020-11-21,1500,0,0,0
2020-11-22,1719,0,0,0
2020-11-23,2205,0,0,0
2020-11-24,1780,0,0,0
2020-11-25,1669,0,0,0
2020-11-26,1144,0,0,0
2020-11-27,1594,0,0,0
2020-11-28,904,0,0,0
2020-11-29,842,0,0,0
2020-11-30,2365,0,0,0
2020-12-01,2523,0.00039635354736424893,6.771322622081292e-05,0.0021697262262530556
2020-12-02,2213,0,0,0
2020-12-03,1952,0,0,0
2020-12-04,1615,0,0,0
2020-12-05,932,0,0,0
2020-12-06,1138,0,0,0
2020-12-07,2557,0,0,0
2020-12-08,2241,0,0,0
2020-12-09,2242,0,0,0
2020-12-10,4231,0,0,0
2020-12-11,3578,0,0,0
2020-12-12,2061,0,0,0
2020-12-13,1968,0,0,0
2020-12-14,4016,0,0,0
2020-12-15,4216,0,0,0
2020-12-16,3595,0,0,0
2020-12-17,3283,0,0,0
2020-12-18,3282,0,0,0
2020-12-19,2588,0,0,0
2020-12-20,1993,0,0,0
2020-12-21,3228,0,0,0
2020-12-22,2781,0,0,0
2020-12-23,2329,0,0,0
2020-12-24,2106,0,0,0
2020-12-25,1097,0,0,0
2020-12-26,2953,0,0,0
2020-12-27,2563,0,0,0
2020-12-28,3238,0,0,0
2020-12-29,4032,0,0,0
2020-12-30,3125,0,0,0
2020-12-31,2758,0,0,0
2021-01-01,1904,0,0,0
2021-01-02,3696,0,0,0
2021-01-03,3053,0,0,0
2021-01-04,5255,0,0,0
2021-01-05,4747,0,0,0
2021-01-06,3227,0,0,0
2021-01-07,3507,0,0,0
2021-01-08,4226,0,0,0
2021-01-09,3913,0,0,0
2021-01-10,2765,0,0,0
2021-01-11,5136,0,0,0
2021-01-12,5316,0,0,0
2021-01-13,4248,0,0,0
2021-01-14,4540,0,0,0
2021-01-15,5034,0,0,0
2021-01-16,3678,0,0,0
2021-01-17,3310,0,0,0
2021-01-18,5571,0,0,0
2021-01-19,5591,0,0,0
2021-01-20,5027,0,0,0
2021-01-21,4782,0,0,0
2021-01-22,4710,0.00021231422505307856,3.664615779289005e-05,0.001175092473071895
2021-01-23,3227,0,0,0
2021-01-24,2786,0,0,0
2021-01-25,7461,0.00013403029084573114,2.3053789037440902e-05,0.000739473398575993
2021-01-26,5966,0,0,0
2021-01-27,5795,0,0,0
2021-01-28,5669,0,0,0
2021-01-29,6398,0,0,0
2021-01-30,4224,0,0,0
2021-01-31,3346,0,0,0
2021-02-01,5730,0,0,0
2021-02-02,5320,0,0,0
2021-02-03,4293,0,0,0
2021-02-04,4476,0,0,0
2021-02-05,4386,0,0,0
2021-02-06,3490,0,0,0
2021-02-07,3075,0,0,0
2021-02-08,6883,0,0,0
2021-02-09,6793,0.00029442072721919626,7.592530135888438e-05,0.0010089905606600065
2021-02-10,6815,0,0,0
2021-02-11,6268,0,0,0
2021-02-12,5889,0,0,0
2021-02-13,4337,0,0,0
2021-02-14,4209,0,0,0
2021-02-15,7732,0,0,0
2021-02-16,7366,0,0,0
2021-02-17,5749,0,0,0
2021-02-18,5254,0,0,0
2021-02-19,5652,0,0,0
2021-02-20,4560,0,0,0
2021-02-21,4846,0,0,0
2021-02-22,8149,0.00012271444348999877,2.0653160880933785e-05,0.0006625076638968283
2021-02-23,6375,0,0,0
2021-02-24,6797,0,0,0
2021-02-25,7092,0,0,0
2021-02-26,6173,0,0,0
2021-02-27,3958,0,0,0
2021-02-28,3854,0,0,0
2021-03-01,7517,0,0,0
2021-03-02,7053,0,0,0
2021-03-03,7453,0,0,0
2021-03-04,6230,0,0,0
2021-03-05,6319,0,0,0
2021-03-06,3978,0,0,0
2021-03-07,3702,0,0,0
2021-03-08,8545,0,0,0
2021-03-09,7783,0,0,0
2021-03-10,8205,0.0001218769043266301,2.0402512145217242e-05,0.0006544712055069172
2021-03-11,7788,0,0,0
2021-03-12,8324,0,0,0
2021-03-13,5667,0,0,0
2021-03-14,4753,0,0,0
2021-03-15,10356,0,0,0
2021-03-16,9462,0,0,0
2021-03-17,8112,0,0,0
2021-03-18,8532,0.00011720581340834506,1.957445473162672e-05,0.0006279208415724005
2021-03-19,7493,0,0,0
2021-03-20,6244,0,0,0
2021-03-21,5774,0,0,0
2021-03-22,10665,0,0,0
2021-03-23,8971,0.00011147029316687103,1.895847456368562e-05,0.000608169741980544
2021-03-24,8723,0,0,0
2021-03-25,9565,0,0,0
2021-03-26,7780,0,0,0
2021-03-27,5802,0.0001723543605653223,2.9114895521378914e-05,0.0009337584387684103
2021-03-28,4914,0,0,0
2021-03-29,11123,0,0,0
2021-03-30,9815,0,0,0
2021-03-31,9333,0.00021429336762027214,5.704404349742656e-05,0.0007581892586083071
2021-04-01,10108,9.893153937475267e-05,1.68985355301097e-05,0.0005421147226230092
2021-04-02,7018,0,0,0
2021-04-03,6016,0,0,0
2021-04-04,4290,0,0,0
2021-04-05,8373,0,0,0
2021-04-06,8705,0,0,0
2021-04-07,9006,0.00011103708638685321,1.875702175879523e-05,0.0006017101351182785
2021-04-08,8767,0,0,0
2021-04-09,8454,0,0,0
2021-04-10,6496,0,0,0
2021-04-11,5054,0,0,0
2021-04-12,10108,0,0,0
2021-04-13,10679,0,0,0
2021-04-14,9526,0.00010497585555322275,1.7616985121276775e-05,0.0005651535965686813
2021-04-15,8700,0.00011494252873563218,1.934068192024089e-05,0.0006204250982680826
2021-04-16,8850,0,0,0
2021-04-17,5605,0,0,0
2021-04-18,3814,0,0,0
2021-04-19,9465,0.00010565240359218173,1.7352025771971612e-05,0.0005566571049194208
2021-04-20,9019,0.00011087703736556159,1.854420689964687e-05,0.0005948861372530901
2021-04-21,8138,0,0,0
2021-04-22,8329,0,0,0
2021-04-23,7676,0,0,0
2021-04-24,4987,0,0,0
2021-04-25,3756,0,0,0
2021-04-26,9118,0,0,0
2021-04-27,9024,0,0,0
2021-04-28,7630,0,0,0
2021-04-29,8227,0,0,0
2021-04-30,7717,0,0,0
2021-05-01,4382,0,0,0
2021-05-02,3345,0,0,0
2021-05-03,8852,0,0,0
2021-05-04,8133,0,0,0
2021-05-05,7314,0,0,0
2021-05-06,6942,0,0,0
2021-05-07,6587,0,0,0
2021-05-08,3838,0,0,0
2021-05-09,2796,0,0,0
2021-05-10,8156,0,0,0
2021-05-11,6766,0.00014779781259237365,2.4435635851973337e-05,0.0007837724466273106
2021-05-12,6228,0.0003211303789338471,8.30159818809166e-05,0.0011031567438428399
2021-05-13,4750,0,0,0
2021-05-14,4737,0.00021110407430863416,3.455163110067106e-05,0.0011079832755156419
2021-05-15,3683,0,0,0
2021-05-16,2325,0,0,0
2021-05-17,7713,0,0,0
2021-05-18,5896,0,0,0
2021-05-19,5545,0,0,0
2021-05-20,5099,0,0,0
2021-05-21,4213,0.00023736055067647758,3.8109827922413085e-05,0.0012219849949895692
2021-05-22,2941,0,0,0
2021-05-23,2133,0,0,0
2021-05-24,6543,0,0,0
2021-05-25,5289,0,0,0
2021-05-26,5447,0,0,0
2021-05-27,4819,0,0,0
2021-05-28,4683,0,0,0
2021-05-29,3522,0,0,0
2021-05-30,2690,0,0,0
2021-05-31,6968,0,0,0
2021-06-01,5923,0,0,0
2021-06-02,5330,0,0,0
2021-06-03,4580,0.0004366812227074236,9.350321662886219e-05,0.0012424101749693027
2021-06-04,3960,0,0,0
2021-06-05,3090,0,0,0
2021-06-06,2617,0,0,0
2021-06-07,7512,0,0,0
2021-06-08,5055,0,0,0
2021-06-09,4302,0,0,0
2021-06-10,3429,0,0,0
2021-06-11,3185,0,0,0
2021-06-12,1732,0.0005773672055427252,8.027736845886488e-05,0.002571570136146096
2021-06-13,1378,0,0,0
2021-06-14,4058,0.0002464268112370626,3.385581076323357e-05,0.0010856875651797998
2021-06-15,3563,0,0,0
2021-06-16,3104,0,0,0
2021-06-17,3275,0,0,0
2021-06-18,3639,0.0002748007694421544,3.0242205042447633e-05,0.000969887639259442
2021-06-19,2292,0,0,0
2021-06-20,2121,0,0,0
2021-06-21,4645,0,0,0
2021-06-22,5231,0,0,0
2021-06-23,4226,0,0,0
2021-06-24,4121,0.0002426595486532395,2.9245133803499258e-05,0.0009379325484721419
2021-06-25,3729,0,0,0
2021-06-26,4259,0,0,0
2021-06-27,3412,0,0,0
2021-06-28,5648,0,0,0
2021-06-29,6865,0,0,0
2021-06-30,5991,0,0,0
2021-07-01,5963,0.000335401643468053,6.67333623676246e-05,0.0008869029085779327
2021-07-02,4933,0.00020271639975674033,2.4750851421952474e-05,0.0007938771853887299
2021-07-03,3204,0,0,0
2021-07-04,4371,0,0,0
2021-07-05,7418,0,0,0
2021-07-06,5976,0,0,0
2021-07-07,6579,0,0,0
2021-07-08,5725,0,0,0
2021-07-09,6285,0,0,0
2021-07-10,4384,0,0,0
2021-07-11,4684,0,0,0
2021-07-12,7189,0,0,0
2021-07-13,6599,0,0,0
2021-07-14,8325,0,0,0
2021-07-15,7483,0,0,0
2021-07-16,7408,0,0,0
2021-07-17,5599,0,0,0
2021-07-18,5509,0.0003630422944273008,7.327769537159576e-05,0.0009738268394606004
2021-07-19,9937,0,0,0
2021-07-20,10825,0,0,0
2021-07-21,10036,0.00019928258270227183,4.024900794903082e-05,0.0005350346194390243
2021-07-22,10361,9.651578033008396e-05,1.2410992596045689e-05,0.0003981931431806541
2021-07-23,9584,0.00010434056761268782,1.2873512604988194e-05,0.00041302816884925084
2021-07-24,7802,0,0,0
2021-07-25,8297,0,0,0
2021-07-26,11485,8.7070091423596e-05,1.0435785022161531e-05,0.0003348360803991685
2021-07-27,11710,8.539709649871905e-05,1.0546771665329856e-05,0.00033839625877347436
2021-07-28,11930,8.382229673093043e-05,1.137453570691761e-05,0.00036494831487219286
2021-07-29,13523,0,0,0
2021-07-30,12859,7.77665448324131e-05,1.0802359031961919e-05,0.00034659480289587217
2021-07-31,9951,0,0,0
2021-08-01,9087,0.00011004732034774953,1.532574299550931e-05,0.0004916765403894663
2021-08-02,13886,7.201497911565606e-05,9.476629899779689e-06,0.0003040679820623552
2021-08-03,15312,0,0,0
2021-08-04,14851,6.733553296074339e-05,9.182809594797661e-06,0.0002946424427024907
2021-08-05,14689,0.0001361563074409422,2.9166166924265587e-05,0.0003877441440222629
2021-08-06,13609,7.34807847747814e-05,1.0004037988445632e-05,0.000320986524021018
2021-08-07,10306,9.703085581214826e-05,1.3400263411647658e-05,0.0004299229681585034
2021-08-08,8702,0,0,0
2021-08-09,13681,0,0,0
2021-08-10,13135,7.613247049866768e-05,9.061194693029412e-06,0.0002907410885341537
2021-08-11,11319,0,0,0
2021-08-12,12340,0,0,0
2021-08-13,9814,0.00010189525168127165,1.3035122198129031e-05,0.00041821161554609493
2021-08-14,8865,0,0,0
2021-08-15,9032,0,0,0
2021-08-16,14284,0.00014001680201624196,2.742209010352618e-05,0.0003645630181414698
2021-08-17,15059,0,0,0
2021-08-18,14772,6.769564040075819e-05,9.236142498442773e-06,0.00029635333256814285
2021-08-19,12073,0.00024848836246169135,6.209503151163334e-05,0.0005367303322813467
2021-08-20,11702,0.0003418219107844813,9.492077745204696e-05,0.000627487374661868
2021-08-21,8089,0,0,0
2021-08-22,8435,0,0,0
2021-08-23,14959,0.00020054816498429038,5.084103090559822e-05,0.00043947770496963906
2021-08-24,16602,0.00024093482712926153,7.289688483477992e-05,0.00048193082845340753
2021-08-25,14839,6.738998584810297e-05,9.2506633070081e-06,0.0002968191512931508
2021-08-26,15251,0.00032784735427185104,0.00011048390422615668,0.0006054050741454067
2021-08-27,13914,0.00021561017680034498,5.4627601368621144e-05,0.0004722009115394911
2021-08-28,8792,0,0,0
2021-08-29,7141,0,0,0
2021-08-30,16928,5.907372400756144e-05,8.26873880010503e-06,0.0002653189034012122
2021-08-31,20045,0,0,0
2021-09-01,15913,0,0,0
2021-09-02,16958,5.896921806816842e-05,8.254046296144257e-06,0.00026484755535386513
2021-09-03,14611,0.0003422079255355554,0.00011584145717994512,0.0006347533529831659
2021-09-04,10004,0,0,0
2021-09-05,7773,0.0006432522835456066,0.00020774708173867097,0.0011380782151720762
2021-09-06,11556,0.00034614053305642093,9.404843432630792e-05,0.0006217224420099355
2021-09-07,19051,0,0,0
2021-09-08,17334,0,0,0
2021-09-09,16019,0.00037455521568137835,0.00012471965532819362,0.0005936276800102146
2021-09-10,15565,0.00019274012206874398,4.84507838943389e-05,0.00041882079600397354
2021-09-11,9450,0.00010582010582010582,1.3201828240536931e-05,0.0004235584844946807
2021-09-12,8865,0.00022560631697687535,4.678625553169759e-05,0.0006219018932022291
2021-09-13,17655,0,0,0
2021-09-14,16246,0,0,0
2021-09-15,13326,0,0,0
2021-09-16,14062,7.111363959607453e-05,9.254058067824988e-06,0.0002969280531144388
2021-09-17,14652,0,0,0
2021-09-18,9505,0,0,0
2021-09-19,9163,0.0005456728145803776,0.00018902838278356002,0.0010355840191101373
2021-09-20,17362,0,0,0
2021-09-21,16540,6.0459492140266024e-05,8.456098637293091e-06,0.00027132953851223156
2021-09-22,11756,0,0,0
2021-09-23,12946,0,0,0
2021-09-24,13644,0,0,0
2021-09-25,7445,0,0,0
2021-09-26,7289,0.00013719303059404582,1.7773077950178654e-05,0.0005701590001940622
2021-09-27,15633,0,0,0
2021-09-28,14759,0,0,0
2021-09-29,14752,0,0,0
2021-09-30,13204,0.0004544077552256892,0.00016190648628495885,0.0007705643891866212
2021-10-01,12435,8.041817450743868e-05,1.1855035527406166e-05,0.0003803607645922889
2021-10-02,8562,0,0,0
2021-10-03,8126,0,0,0
2021-10-04,16424,0,0,0
2021-10-05,16080,0,0,0
2021-10-06,13942,0,0,0
2021-10-07,14907,0,0,0
2021-10-08,13256,0,0,0
2021-10-09,9740,0,0,0
2021-10-10,8412,0,0,0
2021-10-11,13938,7.174630506528914e-05,9.533440924733955e-06,0.0003058904231757019
2021-10-12,14241,0,0,0
2021-10-13,12357,0,0,0
2021-10-14,13220,0,0,0
2021-10-15,12936,0,0,0
2021-10-16,9378,0.00042653017701002344,0.00014501687266105427,0.0009584939647368253
2021-10-17,8854,0,0,0
2021-10-18,17061,0,0,0
2021-10-19,16591,0,0,0
2021-10-20,14509,0,0,0
2021-10-21,14437,0.00020779940430837432,6.170072959906275e-05,0.0005333231066630693
2021-10-22,14783,0,0,0
2021-10-23,13127,0.00015235773596404358,3.758462269277727e-05,0.000499627482150506
2021-10-24,10664,0,0,0
2021-10-25,18492,5.4077438892494055e-05,8.362359537247366e-06,0.00026832232889427096
2021-10-26,16873,0.00035559770046820365,0.0001427810036981881,0.000679567950832252
2021-10-27,17104,0,0,0
2021-10-28,15695,6.371455877668048e-05,9.80891454756628e-06,0.00031472727470423245
2021-10-29,14389,0,0,0
2021-10-30,12326,0,0,0
2021-10-31,12983,0,0,0
2021-11-01,17572,0.00022763487366264513,7.872219700874086e-05,0.0005204325746020576
2021-11-02,18078,5.531585352361987e-05,8.576061501008358e-06,0.00027517800400848674
2021-11-03,19732,0,0,0
2021-11-04,18401,0.00010868974512254769,2.638264945113148e-05,0.00035074714121682604
2021-11-05,17978,0.0005006118589387028,0.00023636656157792238,0.0008536510379224151
2021-11-06,12762,0,0,0
2021-11-07,13088,0.00022921760391198044,7.366177709434742e-05,0.0006366747452661825
2021-11-08,23762,0,0,0
2021-11-09,20863,0,0,0
2021-11-10,21292,0.00014089798985534473,4.3219129014348474e-05,0.00037360633475903946
2021-11-11,18805,5.3177346450412124e-05,8.586490668538234e-06,0.00027551257563299375
2021-11-12,17017,0.00011752952929423518,2.9297035943292953e-05,0.0003894835426865418
2021-11-13,14463,0,0,0
2021-11-14,11827,0,0,0
2021-11-15,21648,0,0,0
2021-11-16,21469,0,0,0
2021-11-17,19483,0,0,0
2021-11-18,19088,0,0,0
2021-11-19,15893,0.00012584156546907444,3.089277393289285e-05,0.0004106924241240602
2021-11-20,14954,0.00033435870001337435,0.00013114221200055865,0.0007185652523126608
2021-11-21,14165,0.0001411930815390046,3.593473652134751e-05,0.0004777012993696648
2021-11-22,24176,0,0,0
2021-11-23,20426,4.895721139723881e-05,7.784141466299218e-06,0.0002497724387974596
2021-11-24,18968,5.2720371151412904e-05,8.353257919137976e-06,0.00026803034253328027
2021-11-25,13429,7.446570854121677e-05,1.2103778780594323e-05,0.00038833928607966573
2021-11-26,19429,5.146945287971589e-05,8.300622582713038e-06,0.00026634176121388285
2021-11-27,13202,0,0,0
2021-11-28,15947,0.00012541543864049665,3.1843393252409416e-05,0.0004233268005575917
2021-11-29,30248,0,0,0
2021-11-30,23711,4.217451815613006e-05,6.6152312850124206e-06,0.0002122709599459787
2021-12-01,21959,0,0,0
2021-12-02,20517,4.874006921089828e-05,7.825899148366084e-06,0.00025111208913963676
2021-12-03,18783,0.00015971889474524837,4.872149101103768e-05,0.00042116031511348317
2021-12-04,16472,0,0,0
2021-12-05,15804,0.00018982536066818528,6.017235767388056e-05,0.0005201160808690832
2021-12-06,29850,6.700167504187605e-05,1.654197808047978e-05,0.00021993683549744757
2021-12-07,24646,4.057453542156942e-05,6.522106783798253e-06,0.00020928321234740533
2021-12-08,22133,0,0,0
2021-12-09,19502,0.0001538303763716542,4.6651838288921024e-05,0.00040327370199660435
2021-12-10,17992,0.0006669630947087594,0.00033856020631229837,0.0010341750979610573
2021-12-11,13423,0.0008939879311629293,0.00047014790392750736,0.0014359178125652352
2021-12-12,13545,0.00036913990402362494,0.00014654832398697772,0.0008029475190739046
2021-12-13,24721,0.00036406294243760366,0.00017266897691347124,0.0006236605454212355
2021-12-14,24927,0.0004412885626028002,0.00023113125383294187,0.000741057677912545
2021-12-15,25506,0.0003136516897984788,0.00014758796216686611,0.0005746643094100054
2021-12-16,22679,0.0011905286829225275,0.0007510268327282514,0.0015892373968337315
2021-12-17,19560,0.0018916155419222904,0.0012231263896257103,0.002322244424126198
2021-12-18,19497,0.00035902959429655844,0.00016160753508844347,0.0006885251499555034
2021-12-19,15280,6.544502617801048e-05,1.073796100642985e-05,0.00034452909940239874
2021-12-20,26784,0,0,0
2021-12-21,25642,0,0,0
2021-12-22,25907,7.719921256803181e-05,1.8310288363815254e-05,0.00024344421667369057
2021-12-23,22314,0.0004481491440351349,0.00021216482539554294,0.0007188624893001242
2021-12-24,10742,0.0006516477378514243,0.00028158700044535027,0.0011994318916765483
2021-12-25,6501,0.0018458698661744347,0.0009563341084057442,0.002919252457979572
2021-12-26,17526,0,0,0
2021-12-27,30391,0.00105294330558389,0.0006660827593241959,0.0013269229895627199
2021-12-28,30653,0.00022836263987211693,0.00010370489644915899,0.0004418790562295182
2021-12-29,34648,0.0017317016855229739,0.0012899853774445233,0.00213598957758571
2021-12-30,32549,0.0004915665611846754,0.00028396460752943403,0.0007492369969425795
2021-12-31,17257,0,0,0
2022-01-01,11890,0,0,0
2022-01-02,22930,0,0,0
2022-01-03,38575,0,0,0
2022-01-04,39051,0,0,0
2022-01-05,31303,0,0,0
2022-01-06,29827,0,0,0
2022-01-07,24876,0,0,0
2022-01-08,17097,0.004269754927765105,0.0033013140387079688,0.005212973628953066
2022-01-09,15260,0.003211009174311927,0.002351988148330292,0.004106419043736371
2022-01-10,32099,0,0,0
2022-01-11,32407,0,0,0
2022-01-12,27780,0,0,0
2022-01-13,27094,0,0,0
2022-01-14,26026,0.0014985014985014985,0.001036519991884104,0.001935880343272905
2022-01-15,17804,0.0016288474500112335,0.0010513445004897933,0.002167251826441516
2022-01-16,16140,0.00024783147459727387,9.01825298577272e-05,0.0005961739715547705
2022-01-17,29569,3.3819202543204033e-05,5.579388824462811e-06,0.0001790369199810272
2022-01-18,33736,0,0,0
2022-01-19,30855,0.00019445794846864364,8.364465630226067e-05,0.00039815815140956237
2022-01-20,27172,0,0,0
2022-01-21,25536,0.0012531328320802004,0.000848801953686006,0.0016907653992925338
2022-01-22,16682,0.0024577388802301883,0.0016676136269451528,0.003066426513790429
2022-01-23,17160,0,0,0
2022-01-24,31134,0.0003533114922592664,0.0001890876728747568,0.000606287088201333
2022-01-25,28938,0,0,0
2022-01-26,26062,0,0,0
2022-01-27,23645,0.000592091351237048,0.00033268777513326397,0.0009372253282501439
2022-01-28,21056,0.0016622340425531915,0.0011332072369799957,0.0021904695182253884
2022-01-29,16643,0.00114162110196479,0.0006550637432167696,0.0015974102442875163
2022-01-30,20224,0.0008405854430379747,0.0004967987665627225,0.001273830115507974
2022-01-31,31414,0.0008913223403578022,0.0005750145403037814,0.0012007616335573401
2022-02-01,25248,0,0,0
2022-02-02,27163,0,0,0
2022-02-03,27688,0,0,0
2022-02-04,23317,0.0009006304413089162,0.0005383419323192771,0.0012578293909914983
2022-02-05,18869,0.000847951666754995,0.000494333511987712,0.0013040550913617497
2022-02-06,19096,0.0003142019271051529,0.00013604211175195373,0.0006475034473348283
2022-02-07,30417,0,0,0
2022-02-08,28830,0,0,0
2022-02-09,25369,0,0,0
2022-02-10,22844,0,0,0
2022-02-11,22753,0.001362457697885993,0.0008794411261184897,0.0017709903942241887
2022-02-12,18132,0.000386057798367527,0.00017496654688172296,0.0007454227123217158
2022-02-13,16620,0.0011432009626955474,0.0007082306305613678,0.0017269914471465303
2022-02-14,31452,0,0,0
2022-02-15,28028,0,0,0
2022-02-16,23257,0,0,0
2022-02-17,25867,0.0014690532338500792,0.0010526646878275363,0.0019820020051106685
2022-02-18,21605,0.0008794260587826892,0.0005537104949667504,0.0013503578374302392
2022-02-19,17971,0.0010016137109787992,0.0006256727441481622,0.001562843963407261
2022-02-20,15402,0,0,0
2022-02-21,27154,0,0,0
2022-02-22,25150,0.00035785288270377734,0.00018454700066079902,0.0006665512658694359
2022-02-23,20966,0,0,0
2022-02-24,17517,0.0007421362105383342,0.00042515544464855927,0.0012442260965259831
2022-02-25,16078,0.0011195422316208484,0.0006958358491127845,0.00173800566099688
2022-02-26,12216,0.0004911591355599214,0.00022060337202424522,0.0010497896696965092
2022-02-27,10087,0.0011896500446118767,0.0006708299977938177,0.002048383863274215
2022-02-28,16971,0,0,0
2022-03-01,18345,0,0,0
2022-03-02,21456,0,0,0
2022-03-03,20451,0,0,0
2022-03-04,18606,0.00042996882726002364,0.00021584691454788085,0.0008403527714965282
2022-03-05,15754,6.347594261774788e-05,1.1111058543598652e-05,0.0003564969100614121
2022-03-06,16082,0,0,0
2022-03-07,25822,3.872666718302223e-05,6.779094890550554e-06,0.00021752822493740554
2022-03-08,20252,0.0010369346237408652,0.0006702014032716032,0.0015657733396022275
2022-03-09,25446,0,0,0
2022-03-10,17882,5.592215635834918e-05,9.782278908677494e-06,0.0003138728414287961
2022-03-11,16116,0,0,0
2022-03-12,13873,0.0002883298493476537,0.00011050453706074342,0.0007304679229944851
2022-03-13,18061,0.00022147167930900837,8.544659246058758e-05,0.0005648748425943474
2022-03-14,26720,0,0,0
2022-03-15,20351,0,0,0
2022-03-16,22346,0,0,0
2022-03-17,22007,0.00027264052346980504,0.000123843403971581,0.0005894580948332913
2022-03-18,17758,0,0,0
2022-03-19,17231,0.0002321397481283733,8.953882558547547e-05,0.0005919198809265296
2022-03-20,14506,0.0002757479663587481,0.00010589307090316974,0.0006999955675043656
2022-03-21,22702,0,0,0
2022-03-22,19952,5.012028869286287e-05,8.781707342092758e-06,0.0002817751702609618
2022-03-23,18756,0,0,0
2022-03-24,18667,0,0,0
2022-03-25,17165,0,0,0
2022-03-26,14392,6.948304613674263e-05,1.208472016029488e-05,0.000387727977829669
2022-03-27,12975,0.00015414258188824664,4.19322444322154e-05,0.0005574024341533156
2022-03-28,28831,0,0,0
2022-03-29,17409,0,0,0
2022-03-30,13295,0,0,0
2022-03-31,10583,0.0001889823301521308,5.1192519147976825e-05,0.0006804473289348685
2022-04-01,9808,0.00010195758564437195,1.7719554666545713e-05,0.0005684426817470853
2022-04-02,7992,0.0007507507507507507,0.0003387316576297766,0.0016115218103191736
2022-04-03,7315,0,0,0
2022-04-04,16247,0,0,0
2022-04-05,12266,0,0,0
2022-04-06,12418,0,0,0
2022-04-07,13172,7.591861524445795e-05,1.322457658187463e-05,0.0004242881033169042
2022-04-08,10191,0,0,0
2022-04-09,7962,0,0,0
2022-04-10,7759,0,0,0
2022-04-11,15187,0,0,0
2022-04-12,12590,0,0,0
2022-04-13,10837,9.227646027498385e-05,1.6151707372463608e-05,0.0005181650067743873
2022-04-14,9527,0,0,0
2022-04-15,8816,0,0,0
2022-04-16,7857,0,0,0
2022-04-17,5603,0.0003569516330537212,9.718125759409096e-05,0.0012912429503369532
2022-04-18,11120,0,0,0
2022-04-19,14008,7.138777841233581e-05,1.2514821731444451e-05,0.0004015234222020617
2022-04-20,11833,0,0,0
2022-04-21,10792,9.266123054114158e-05,1.6236388919832932e-05,0.0005208806650836015
2022-04-22,9978,0,0,0
2022-04-23,7450,0,0,0
2022-04-24,6950,0.00014388489208633093,2.5271744695889216e-05,0.0008105749283779432
2022-04-25,12040,0,0,0
2022-04-26,10660,0,0,0
2022-04-27,9163,0,0,0
2022-04-28,7832,0,0,0
2022-04-29,8040,0.0002487562189054726,6.755533465897485e-05,0.0008978211168527721
2022-04-30,5686,0,0,0
2022-05-01,4263,0,0,0
2022-05-02,8962,0,0,0
2022-05-03,9268,0.00010789814415192059,1.8873339692468304e-05,0.0006054398901050735
2022-05-04,8341,0,0,0
2022-05-05,8527,0,0,0
2022-05-06,8155,0.0002452483139178418,6.676585702389882e-05,0.0008873345359073872
2022-05-07,5710,0.00017513134851138354,3.071581857507581e-05,0.0009850659410894573
2022-05-08,4885,0,0,0
2022-05-09,10927,9.151642719868216e-05,1.5990759125628373e-05,0.0005130035171302222
2022-05-10,9187,0,0,0
2022-05-11,8247,0,0,0
2022-05-12,8401,0,0,0
2022-05-13,7813,0,0,0
2022-05-14,5710,0,0,0
2022-05-15,4534,0,0,0
2022-05-16,9742,0,0,0
2022-05-17,8624,0.00011595547309833024,2.0306283583445956e-05,0.0006513858396811653
2022-05-18,8099,0,0,0
2022-05-19,7086,0,0,0
2022-05-20,6813,0,0,0
2022-05-21,4991,0,0,0
2022-05-22,4995,0,0,0
2022-05-23,9105,0,0,0
2022-05-24,8777,0.00011393414606357525,1.9887615081378237e-05,0.0006379619573704547
2022-05-25,7836,0,0,0
2022-05-26,5710,0,0,0
2022-05-27,6734,0.0001485001485001485,2.595929730176758e-05,0.0008326144825463699
2022-05-28,4488,0,0,0
2022-05-29,4592,0,0,0
2022-05-30,5241,0.00019080328181644724,3.284779917607965e-05,0.0010533872435220912
2022-05-31,10478,0,0,0
2022-06-01,7754,0,0,0
2022-06-02,7400,0,0,0
2022-06-03,6595,0,0,0
2022-06-04,4854,0,0,0
2022-06-05,4822,0,0,0
2022-06-06,8734,0,0,0
2022-06-07,9416,0,0,0
2022-06-08,8549,0,0,0
2022-06-09,8067,0,0,0
2022-06-10,6988,0,0,0
2022-06-11,5238,0,0,0
2022-06-12,4611,0,0,0
2022-06-13,9719,0,0,0
2022-06-14,7821,0,0,0
2022-06-15,9466,0,0,0
2022-06-16,7395,0,0,0
2022-06-17,7519,0,0,0
2022-06-18,5095,0,0,0
2022-06-19,4035,0,0,0
2022-06-20,9535,0,0,0
2022-06-21,9431,0,0,0
2022-06-22,8741,0,0,0
2022-06-23,8548,0,0,0
2022-06-24,8114,0,0,0
2022-06-25,5573,0,0,0
2022-06-26,5570,0,0,0
2022-06-27,11994,0,0,0
2022-06-28,10101,0.000198000198000198,5.285508042317708e-05,0.0007025364670212999
2022-06-29,9589,0,0,0
2022-06-30,9268,0.00010789814415192059,1.8476271413438268e-05,0.0005927077431866781
2022-07-01,8761,0,0,0
2022-07-02,5998,0,0,0
2022-07-03,5484,0,0,0
2022-07-04,7051,0,0,0
2022-07-05,12953,7.72021925422682e-05,1.3284290758035396e-05,0.00042620334201664347
2022-07-06,10462,0,0,0
2022-07-07,8678,0.00011523392486748098,1.9434373605868346e-05,0.0006234292590120922
2022-07-08,9254,0,0,0
2022-07-09,5686,0,0,0
2022-07-10,6443,0,0,0
2022-07-11,11695,0,0,0
2022-07-12,10031,9.969095803010666e-05,1.7178098159666244e-05,0.0005510796851120137
2022-07-13,9234,0,0,0
2022-07-14,8949,0,0,0
2022-07-15,8131,0,0,0
2022-07-16,6437,0,0,0
2022-07-17,5590,0,0,0
2022-07-18,11034,0,0,0
2022-07-19,9459,0,0,0
2022-07-20,8063,0,0,0
2022-07-21,7972,0,0,0
2022-07-22,8132,0.00012297097884899163,2.1140434281972682e-05,0.0006781306651365271
2022-07-23,5255,0,0,0
2022-07-24,5420,0,0,0
2022-07-25,10737,0,0,0
2022-07-26,7768,0,0,0
2022-07-27,7324,0,0,0
2022-07-28,6454,0,0,0
2022-07-29,6575,0,0,0
2022-07-30,5016,0,0,0
2022-07-31,4855,0,0,0
2022-08-01,9575,0,0,0
2022-08-02,7773,0,0,0
2022-08-03,6379,0,0,0
2022-08-04,5630,0,0,0
2022-08-05,5444,0,0,0
2022-08-06,3477,0,0,0
2022-08-07,3444,0,0,0
2022-08-08,7709,0.00012971851083149564,2.2370140437355044e-05,0.0007175560412354983
2022-08-09,5828,0,0,0
2022-08-10,5660,0.00017667844522968197,3.0346185951575878e-05,0.000973220033751087
2022-08-11,6048,0,0,0
2022-08-12,5894,0,0,0
2022-08-13,4246,0,0,0
2022-08-14,4031,0,0,0
2022-08-15,7347,0.00013610997686130393,2.3123247477293543e-05,0.0007417001549876121
2022-08-16,5854,0,0,0
2022-08-17,5752,0,0,0
2022-08-18,5520,0.00018115942028985507,3.1165936611257434e-05,0.0009994909540117973
2022-08-19,5047,0,0,0
2022-08-20,3610,0,0,0
2022-08-21,3722,0,0,0
2022-08-22,7576,0,0,0
2022-08-23,5145,0,0,0
2022-08-24,4546,0,0,0
2022-08-25,4452,0,0,0
2022-08-26,5068,0,0,0
2022-08-27,4467,0,0,0
2022-08-28,3777,0,0,0
2022-08-29,6954,0,0,0
2022-08-30,5227,0.0001913143294432753,3.297666517739305e-05,0.0010575166583511578
2022-08-31,4654,0.00021486892995272884,3.69762427467491e-05,0.0011856678901186015
2022-09-01,4089,0,0,0
2022-09-02,3807,0,0,0
2022-09-03,3439,0,0,0
2022-09-04,3605,0,0,0
2022-09-05,4076,0,0,0
2022-09-06,7252,0,0,0
2022-09-07,4912,0,0,0
2022-09-08,4122,0,0,0
2022-09-09,3751,0.00026659557451346307,4.525137281149716e-05,0.0014507376066134297
2022-09-10,3734,0,0,0
2022-09-11,3145,0,0,0
2022-09-12,6955,0,0,0
2022-09-13,6132,0,0,0
2022-09-14,4853,0.000206058108386565,3.538981292243413e-05,0.0011348396270501801
2022-09-15,4727,0,0,0
2022-09-16,4946,0,0,0
2022-09-17,3257,0,0,0
2022-09-18,2945,0,0,0
2022-09-19,6271,0.00015946420028703555,2.7153263986146645e-05,0.0008708855137759437
2022-09-20,5242,0.00019076688286913393,3.228900745006428e-05,0.0010354808947163595
2022-09-21,5131,0,0,0
2022-09-22,4557,0.00021944261575597982,3.727293486732992e-05,0.00119517331396934
2022-09-23,4323,0,0,0
2022-09-24,2975,0,0,0
2022-09-25,2751,0,0,0
2022-09-26,6318,0,0,0
2022-09-27,4808,0,0,0
2022-09-28,4395,0,0,0
2022-09-29,4182,0.00023912003825920613,4.013755649829267e-05,0.001286943363451212
2022-09-30,3687,0,0,0
2022-10-01,3341,0,0,0
2022-10-02,3028,0,0,0
2022-10-03,5630,0,0,0
2022-10-04,5520,0,0,0
2022-10-05,4846,0.0002063557573256294,3.476941307897271e-05,0.0011149613716792057
2022-10-06,4269,0,0,0
2022-10-07,4494,0,0,0
2022-10-08,3034,0,0,0
2022-10-09,2745,0,0,0
2022-10-10,6367,0.00015705983979896342,2.629965192266064e-05,0.000843524317719506
2022-10-11,5160,0,0,0
2022-10-12,4460,0,0,0
2022-10-13,4495,0,0,0
2022-10-14,4663,0,0,0
2022-10-15,3041,0,0,0
2022-10-16,2585,0,0,0
2022-10-17,6354,0,0,0
2022-10-18,4325,0,0,0
2022-10-19,4263,0,0,0
2022-10-20,3843,0.00026021337496747333,4.368359604656896e-05,0.0014005262340738489
2022-10-21,3682,0,0,0
2022-10-22,2312,0,0,0
2022-10-23,2538,0,0,0
2022-10-24,5522,0,0,0
2022-10-25,3601,0,0,0
2022-10-26,4465,0,0,0
2022-10-27,3874,0,0,0
2022-10-28,3665,0.00027285129604365623,4.638091037909647e-05,0.001486911182394524
2022-10-29,2543,0,0,0
2022-10-30,2377,0,0,0
2022-10-31,4587,0,0,0
2022-11-01,4237,0,0,0
2022-11-02,3586,0,0,0
2022-11-03,4029,0,0,0
2022-11-04,3699,0,0,0
2022-11-05,2317,0,0,0
2022-11-06,2517,0,0,0
2022-11-07,4857,0,0,0
2022-11-08,4159,0,0,0
2022-11-09,3939,0,0,0
2022-11-10,3651,0,0,0
2022-11-11,3277,0,0,0
2022-11-12,2435,0,0,0
2022-11-13,2224,0,0,0
2022-11-14,5074,0,0,0
2022-11-15,4028,0,0,0
2022-11-16,4093,0,0,0
2022-11-17,4263,0,0,0
2022-11-18,3402,0,0,0
2022-11-19,2284,0,0,0
2022-11-20,2310,0,0,0
2022-11-21,5277,0,0,0
2022-11-22,4527,0,0,0
2022-11-23,4228,0,0,0
2022-11-24,2610,0,0,0
2022-11-25,4147,0,0,0
2022-11-26,3369,0,0,0
2022-11-27,3614,0,0,0
2022-11-28,6927,0,0,0
2022-11-29,5291,0,0,0
2022-11-30,4966,0,0,0
2022-12-01,4637,0,0,0
2022-12-02,4827,0,0,0
2022-12-03,2830,0,0,0
2022-12-04,2518,0,0,0
2022-12-05,6573,0.00015213753232922562,2.551650288264139e-05,0.0008184207521969893
2022-12-06,5278,0,0,0
2022-12-07,5132,0,0,0
2022-12-08,5034,0,0,0
2022-12-09,4476,0,0,0
2022-12-10,3093,0,0,0
2022-12-11,3007,0,0,0
2022-12-12,6818,0.00014667057788207686,2.4740444436653333e-05,0.00079354357520037
2022-12-13,4850,0,0,0
2022-12-14,4753,0,0,0
2022-12-15,4934,0,0,0
2022-12-16,4786,0,0,0
2022-12-17,3289,0,0,0
2022-12-18,3279,0,0,0
2022-12-19,7423,0,0,0
2022-12-20,5082,0,0,0
2022-12-21,5003,0,0,0
2022-12-22,4478,0,0,0
2022-12-23,4250,0,0,0
2022-12-24,2018,0,0,0
2022-12-25,1245,0,0,0
2022-12-26,4064,0,0,0
2022-12-27,5063,0.00019751135690302193,3.2860028719899696e-05,0.001053779131183919
2022-12-28,5379,0,0,0
2022-12-29,4779,0,0,0
2022-12-30,4374,0,0,0
2022-12-31,2581,0,0,0
2023-01-01,1443,0,0,0
2023-01-02,5086,0,0,0
2023-01-03,5361,0,0,0
2023-01-04,4375,0.00022857142857142857,3.788896665537653e-05,0.0012149093269859942
2023-01-05,3813,0,0,0
2023-01-06,3817,0,0,0
2023-01-07,2282,0,0,0
2023-01-08,2169,0,0,0
2023-01-09,4820,0,0,0
2023-01-10,3489,0.00028661507595299513,4.812594343479972e-05,0.0015427923576160952
2023-01-11,2988,0,0,0
2023-01-12,2790,0,0,0
2023-01-13,2791,0,0,0
2023-01-14,1671,0,0,0
2023-01-15,1670,0,0,0
2023-01-16,3531,0,0,0
2023-01-17,3273,0,0,0
2023-01-18,2763,0,0,0
2023-01-19,2152,0,0,0
2023-01-20,2461,0,0,0
2023-01-21,1635,0,0,0
2023-01-22,1788,0,0,0
2023-01-23,4264,0,0,0
2023-01-24,3033,0,0,0
2023-01-25,2894,0,0,0
2023-01-26,2652,0,0,0
2023-01-27,2817,0,0,0
2023-01-28,1747,0,0,0
2023-01-29,1553,0,0,0
2023-01-30,3930,0,0,0
2023-01-31,2961,0,0,0
2023-02-01,2799,0,0,0
2023-02-02,2794,0,0,0
2023-02-03,2776,0,0,0
2023-02-04,1712,0,0,0
2023-02-05,1865,0,0,0
2023-02-06,3821,0,0,0
2023-02-07,3250,0,0,0
2023-02-08,3541,0,0,0
2023-02-09,2997,0,0,0
2023-02-10,2843,0,0,0
2023-02-11,1760,0,0,0
2023-02-12,1795,0,0,0
2023-02-13,3826,0,0,0
2023-02-14,3114,0,0,0
2023-02-15,3084,0,0,0
2023-02-16,3384,0,0,0
2023-02-17,2880,0,0,0
2023-02-18,1738,0,0,0
2023-02-19,1657,0,0,0
2023-02-20,3617,0,0,0
2023-02-21,3392,0,0,0
2023-02-22,2897,0,0,0
2023-02-23,3459,0,0,0
2023-02-24,2532,0,0,0
2023-02-25,1630,0,0,0
2023-02-26,1520,0,0,0
2023-02-27,3420,0,0,0
2023-02-28,3297,0,0,0
2023-03-01,2951,0,0,0
2023-03-02,3335,0,0,0
2023-03-03,2497,0,0,0
2023-03-04,1584,0,0,0
2023-03-05,1508,0,0,0
2023-03-06,3242,0,0,0
2023-03-07,2871,0,0,0
2023-03-08,3135,0,0,0
2023-03-09,2311,0,0,0
2023-03-10,2323,0,0,0
2023-03-11,1280,0,0,0
2023-03-12,1257,0,0,0
2023-03-13,3045,0,0,0
2023-03-14,2759,0,0,0
2023-03-15,2957,0,0,0
2023-03-16,2172,0,0,0
2023-03-17,1868,0,0,0
2023-03-18,1127,0,0,0
2023-03-19,1119,0,0,0
2023-03-20,2806,0,0,0
2023-03-21,2314,0,0,0
2023-03-22,2626,0,0,0
2023-03-23,2007,0,0,0
2023-03-24,1905,0,0,0
2023-03-25,1155,0,0,0
2023-03-26,1220,0,0,0
2023-03-27,2326,0,0,0
2023-03-28,1770,0,0,0
2023-03-29,2171,0,0,0
2023-03-30,1646,0,0,0
2023-03-31,1320,0,0,0
2023-04-01,968,0,0,0
2023-04-02,863,0,0,0
2023-04-03,1763,0,0,0
2023-04-04,1424,0,0,0
2023-04-05,1380,0,0,0
2023-04-06,1573,0,0,0
2023-04-07,958,0,0,0
2023-04-08,753,0,0,0
2023-04-09,563,0,0,0
2023-04-10,1409,0,0,0
2023-04-11,1537,0,0,0
2023-04-12,1771,0,0,0
2023-04-13,1197,0,0,0
2023-04-14,1147,0,0,0
2023-04-15,694,0,0,0
2023-04-16,705,0,0,0
2023-04-17,1573,0,0,0
2023-04-18,1059,0,0,0
2023-04-19,1287,0,0,0
2023-04-20,1037,0,0,0
2023-04-21,949,0,0,0
2023-04-22,605,0,0,0
2023-04-23,641,0,0,0
2023-04-24,1340,0,0,0
2023-04-25,1116,0,0,0
2023-04-26,1145,0,0,0
2023-04-27,902,0,0,0
2023-04-28,774,0,0,0
2023-04-29,542,0,0,0
2023-04-30,623,0,0,0
2023-05-01,1146,0,0,0
2023-05-02,1081,0,0,0
2023-05-03,1095,0,0,0
2023-05-04,923,0,0,0
2023-05-05,781,0,0,0
2023-05-06,437,0,0,0
2023-05-07,463,0,0,0
2023-05-08,951,0,0,0
2023-05-09,897,0,0,0
2023-05-10,967,0,0,0
2023-05-11,907,0,0,0
2023-05-12,548,0,0,0
2023-05-13,348,0,0,0
2023-05-14,436,0,0,0
2023-05-15,891,0,0,0
2023-05-16,733,0,0,0
2023-05-17,746,0,0,0
2023-05-18,625,0,0,0
2023-05-19,555,0,0,0
2023-05-20,406,0,0,0
2023-05-21,405,0,0,0
2023-05-22,856,0,0,0
2023-05-23,647,0,0,0
2023-05-24,567,0,0,0
2023-05-25,471,0,0,0
2023-05-26,503,0,0,0
2023-05-27,301,0,0,0
2023-05-28,342,0,0,0
2023-05-29,549,0,0,0
2023-05-30,579,0,0,0
2023-05-31,605,0,0,0
2023-06-01,454,0,0,0
2023-06-02,562,0,0,0
2023-06-03,259,0,0,0
2023-06-04,309,0,0,0
2023-06-05,606,0,0,0
2023-06-06,490,0,0,0
2023-06-07,449,0,0,0
2023-06-08,395,0,0,0
2023-06-09,350,0,0,0
2023-06-10,271,0,0,0
2023-06-11,259,0,0,0
2023-06-12,537,0,0,0
2023-06-13,390,0,0,0
2023-06-14,327,0,0,0
2023-06-15,298,0,0,0
2023-06-16,280,0,0,0
2023-06-17,178,0,0,0
2023-06-18,177,0,0,0
2023-06-19,388,0,0,0
2023-06-20,347,0,0,0
2023-06-21,381,0,0,0
2023-06-22,358,0,0,0
2023-06-23,316,0,0,0
2023-06-24,186,0,0,0
2023-06-25,188,0,0,0
2023-06-26,474,0,0,0
2023-06-27,371,0,0,0
2023-06-28,348,0,0,0
2023-06-29,326,0,0,0
2023-06-30,273,0,0,0
2023-07-01,151,0,0,0
2023-07-02,177,0,0,0
2023-07-03,460,0,0,0
2023-07-04,233,0,0,0
2023-07-05,397,0,0,0
2023-07-06,361,0,0,0
2023-07-07,385,0,0,0
2023-07-08,239,0,0,0
2023-07-09,208,0,0,0
2023-07-10,511,0,0,0
2023-07-11,433,0,0,0
2023-07-12,405,0,0,0
2023-07-13,385,0,0,0
2023-07-14,388,0,0,0
2023-07-15,219,0,0,0
2023-07-16,251,0,0,0
2023-07-17,603,0,0,0
2023-07-18,541,0,0,0
2023-07-19,482,0,0,0
2023-07-20,424,0,0,0
2023-07-21,404,0,0,0
2023-07-22,337,0,0,0
2023-07-23,282,0,0,0
2023-07-24,708,0,0,0
2023-07-25,684,0,0,0
2023-07-26,623,0,0,0
2023-07-27,582,0,0,0
2023-07-28,605,0,0,0
2023-07-29,407,0,0,0
2023-07-30,514,0,0,0
2023-07-31,909,0,0,0
2023-08-01,775,0,0,0
2023-08-02,766,0,0,0
2023-08-03,784,0,0,0
2023-08-04,683,0,0,0
2023-08-05,441,0,0,0
2023-08-06,416,0,0,0
2023-08-07,1166,0,0,0
2023-08-08,1059,0,0,0
2023-08-09,1035,0,0,0
2023-08-10,848,0,0,0
2023-08-11,792,0,0,0
2023-08-12,545,0,0,0
2023-08-13,517,0,0,0
2023-08-14,1211,0,0,0
2023-08-15,984,0,0,0
2023-08-16,1125,0,0,0
2023-08-17,1093,0,0,0
2023-08-18,1035,0,0,0
2023-08-19,641,0,0,0
2023-08-20,598,0,0,0
2023-08-21,1820,0,0,0
2023-08-22,1435,0,0,0
2023-08-23,1416,0,0,0
2023-08-24,1369,0,0,0
2023-08-25,1212,0,0,0
2023-08-26,763,0,0,0
2023-08-27,802,0,0,0
2023-08-28,1817,0,0,0
2023-08-29,1458,0,0,0
2023-08-30,1481,0,0,0
2023-08-31,1102,0,0,0
2023-09-01,1048,0,0,0
2023-09-02,608,0,0,0
2023-09-03,691,0,0,0
2023-09-04,1330,0,0,0
2023-09-05,1635,0,0,0
2023-09-06,1597,0,0,0
2023-09-07,1344,0,0,0
2023-09-08,1278,0,0,0
2023-09-09,862,0,0,0
2023-09-10,809,0,0,0
2023-09-11,1825,0,0,0
2023-09-12,1416,0,0,0
2023-09-13,1353,0,0,0
2023-09-14,1125,0,0,0
2023-09-15,977,0,0,0
2023-09-16,667,0,0,0
2023-09-17,708,0,0,0
2023-09-18,1662,0,0,0
2023-09-19,1458,0,0,0
2023-09-20,1536,0,0,0
2023-09-21,1350,0,0,0
2023-09-22,1121,0,0,0
2023-09-23,748,0,0,0
2023-09-24,775,0,0,0
2023-09-25,1738,0,0,0
2023-09-26,1523,0,0,0
2023-09-27,1369,0,0,0
2023-09-28,1198,0,0,0
2023-09-29,1103,0,0,0
2023-09-30,714,0,0,0
2023-10-01,809,0,0,0
2023-10-02,1727,0,0,0
2023-10-03,1483,0,0,0
2023-10-04,1258,0,0,0
2023-10-05,1192,0,0,0
2023-10-06,1115,0,0,0
2023-10-07,677,0,0,0
2023-10-08,719,0,0,0
2023-10-09,1571,0,0,0
2023-10-10,1384,0,0,0
2023-10-11,1163,0,0,0
2023-10-12,1021,0,0,0
2023-10-13,960,0,0,0
2023-10-14,553,0,0,0
2023-10-15,531,0,0,0
2023-10-16,1436,0,0,0
2023-10-17,1101,0,0,0
2023-10-18,1044,0,0,0
2023-10-19,979,0,0,0
2023-10-20,864,0,0,0
2023-10-21,570,0,0,0
2023-10-22,541,0,0,0
2023-10-23,1719,0,0,0
2023-10-24,1142,0,0,0
2023-10-25,1018,0,0,0
2023-10-26,938,0,0,0
2023-10-27,892,0,0,0
2023-10-28,503,0,0,0
2023-10-29,545,0,0,0
2023-10-30,1754,0,0,0
2023-10-31,949,0,0,0
2023-11-01,980,0,0,0
2023-11-02,904,0,0,0
2023-11-03,783,0,0,0
2023-11-04,583,0,0,0
2023-11-05,624,0,0,0
2023-11-06,1840,0,0,0
2023-11-07,1103,0,0,0
2023-11-08,1114,0,0,0
2023-11-09,1020,0,0,0
2023-11-10,857,0,0,0
2023-11-11,578,0,0,0
2023-11-12,635,0,0,0
2023-11-13,1804,0,0,0
2023-11-14,1116,0,0,0
2023-11-15,1019,0,0,0
2023-11-16,825,0,0,0
2023-11-17,825,0,0,0
2023-11-18,584,0,0,0
2023-11-19,635,0,0,0
2023-11-20,2053,0,0,0
2023-11-21,1068,0,0,0
2023-11-22,789,0,0,0
2023-11-23,511,0,0,0
2023-11-24,784,0,0,0
2023-11-25,624,0,0,0
2023-11-26,791,0,0,0
2023-11-27,2703,0,0,0
2023-11-28,1387,0,0,0
2023-11-29,1274,0,0,0
2023-11-30,1034,0,0,0
2023-12-01,1081,0,0,0
2023-12-02,712,0,0,0
2023-12-03,703,0,0,0
2023-12-04,3071,0,0,0
2023-12-05,1433,0,0,0
2023-12-06,1419,0,0,0
2023-12-07,1243,0,0,0
2023-12-08,1042,0,0,0
2023-12-09,685,0,0,0
2023-12-10,847,0,0,0
2023-12-11,2719,0,0,0
2023-12-12,1525,0,0,0
2023-12-13,1553,0,0,0
2023-12-14,1332,0,0,0
2023-12-15,1141,0,0,0
2023-12-16,769,0,0,0
2023-12-17,882,0,0,0
2023-12-18,2553,0,0,0
2023-12-19,1595,0,0,0
2023-12-20,1477,0,0,0
2023-12-21,1247,0,0,0
2023-12-22,1102,0,0,0
2023-12-23,733,0,0,0
2023-12-24,693,0,0,0
2023-12-25,1062,0,0,0
2023-12-26,1570,0,0,0
2023-12-27,1629,0,0,0
2023-12-28,1509,0,0,0
2023-12-29,1338,0,0,0
2023-12-30,795,0,0,0
2023-12-31,820,0,0,0
2024-01-01,1185,0,0,0
2024-01-02,1974,0,0,0
2024-01-03,1680,0,0,0
2024-01-04,1499,0,0,0
2024-01-05,1101,0,0,0
2024-01-06,718,0,0,0
2024-01-07,688,0,0,0
2024-01-08,1782,0,0,0
2024-01-09,1237,0,0,0
2024-01-10,1288,0,0,0
2024-01-11,1313,0,0,0
2024-01-12,955,0,0,0
2024-01-13,650,0,0,0
2024-01-14,663,0,0,0
2024-01-15,1105,0,0,0
2024-01-16,1141,0,0,0
2024-01-17,1146,0,0,0
2024-01-18,1011,0,0,0
2024-01-19,727,0,0,0
2024-01-20,554,0,0,0
2024-01-21,641,0,0,0
2024-01-22,1330,0,0,0
2024-01-23,1211,0,0,0
2024-01-24,1140,0,0,0
2024-01-25,981,0,0,0
2024-01-26,749,0,0,0
2024-01-27,481,0,0,0
2024-01-28,446,0,0,0
2024-01-29,1208,0,0,0
2024-01-30,1069,0,0,0
2024-01-31,1013,0,0,0
2024-02-01,897,0,0,0
2024-02-02,767,0,0,0
2024-02-03,483,0,0,0
2024-02-04,459,0,0,0
2024-02-05,1135,0,0,0
2024-02-06,1161,0,0,0
2024-02-07,968,0,0,0
2024-02-08,837,0,0,0
2024-02-09,738,0,0,0
2024-02-10,451,0,0,0
2024-02-11,413,0,0,0
2024-02-12,996,0,0,0
2024-02-13,681,0,0,0
2024-02-14,755,0,0,0
2024-02-15,674,0,0,0
2024-02-16,547,0,0,0
2024-02-17,346,0,0,0
2024-02-18,373,0,0,0
2024-02-19,657,0,0,0
2024-02-20,771,0,0,0
2024-02-21,714,0,0,0
2024-02-22,673,0,0,0
2024-02-23,526,0,0,0
2024-02-24,257,0,0,0
2024-02-25,313,0,0,0
2024-02-26,646,0,0,0
2024-02-27,596,0,0,0
2024-02-28,542,0,0,0
2024-02-29,365,0,0,0
2024-03-01,333,0,0,0
2024-03-02,204,0,0,0
2024-03-03,197,0,0,0
2024-03-04,494,0,0,0
2024-03-05,432,0,0,0
2024-03-06,469,0,0,0
2024-03-07,390,0,0,0
2024-03-08,334,0,0,0
2024-03-09,201,0,0,0
2024-03-10,202,0,0,0
2024-03-11,399,0,0,0
2024-03-12,329,0,0,0
2024-03-13,366,0,0,0
2024-03-14,347,0,0,0
2024-03-15,246,0,0,0
2024-03-16,157,0,0,0
2024-03-17,158,0,0,0
2024-03-18,331,0,0,0
2024-03-19,277,0,0,0
2024-03-20,300,0,0,0
2024-03-21,285,0,0,0
2024-03-22,280,0,0,0
2024-03-23,169,0,0,0
2024-03-24,239,0,0,0
2024-03-25,330,0,0,0
2024-03-26,298,0,0,0
2024-03-27,298,0,0,0
2024-03-28,251,0,0,0
2024-03-29,176,0,0,0
2024-03-30,119,0,0,0
2024-03-31,135,0,0,0
2024-04-01,266,0,0,0
2024-04-02,313,0,0,0
2024-04-03,317,0,0,0
2024-04-04,255,0,0,0
2024-04-05,232,0,0,0
2024-04-06,161,0,0,0
2024-04-07,166,0,0,0
2024-04-08,295,0,0,0
2024-04-09,235,0,0,0
2024-04-10,240,0,0,0
2024-04-11,222,0,0,0
2024-04-12,226,0,0,0
2024-04-13,123,0,0,0
2024-04-14,110,0,0,0
2024-04-15,260,0,0,0
2024-04-16,229,0,0,0
2024-04-17,268,0,0,0
2024-04-18,246,0,0,0
2024-04-19,220,0,0,0
2024-04-20,124,0,0,0
2024-04-21,150,0,0,0
2024-04-22,286,0,0,0
2024-04-23,268,0,0,0
2024-04-24,296,0,0,0
2024-04-25,256,0,0,0
2024-04-26,240,0,0,0
2024-04-27,150,0,0,0
2024-04-28,158,0,0,0
2024-04-29,348,0,0,0
2024-04-30,357,0,0,0
2024-05-01,328,0,0,0
2024-05-02,320,0,0,0
2024-05-03,314,0,0,0
2024-05-04,173,0,0,0
2024-05-05,186,0,0,0
2024-05-06,319,0,0,0
2024-05-07,358,0,0,0
2024-05-08,349,0,0,0
2024-05-09,381,0,0,0
2024-05-10,306,0,0,0
2024-05-11,228,0,0,0
2024-05-12,183,0,0,0
2024-05-13,392,0,0,0
2024-05-14,370,0,0,0
2024-05-15,322,0,0,0
2024-05-16,342,0,0,0
2024-05-17,275,0,0,0
2024-05-18,160,0,0,0
2024-05-19,210,0,0,0
2024-05-20,389,0,0,0
2024-05-21,347,0,0,0
2024-05-22,355,0,0,0
2024-05-23,307,0,0,0
2024-05-24,321,0,0,0
2024-05-25,197,0,0,0
2024-05-26,221,0,0,0
2024-05-27,233,0,0,0
2024-05-28,417,0,0,0
2024-05-29,374,0,0,0
2024-05-30,430,0,0,0
2024-05-31,450,0,0,0
2024-06-01,243,0,0,0
2024-06-02,280,0,0,0
2024-06-03,478,0,0,0
2024-06-04,472,0,0,0
2024-06-05,503,0,0,0
2024-06-06,444,0,0,0
2024-06-07,422,0,0,0
2024-06-08,261,0,0,0
2024-06-09,321,0,0,0
2024-06-10,692,0,0,0
2024-06-11,586,0,0,0
2024-06-12,635,0,0,0
2024-06-13,629,0,0,0
2024-06-14,640,0,0,0
2024-06-15,357,0,0,0
2024-06-16,439,0,0,0
2024-06-17,811,0,0,0
2024-06-18,738,0,0,0
2024-06-19,755,0,0,0
2024-06-20,798,0,0,0
2024-06-21,670,0,0,0
2024-06-22,429,0,0,0
2024-06-23,393,0,0,0
2024-06-24,911,0,0,0
2024-06-25,835,0,0,0
2024-06-26,862,0,0,0
2024-06-27,794,0,0,0
2024-06-28,723,0,0,0
2024-06-29,395,0,0,0
2024-06-30,413,0,0,0
2024-07-01,1091,0,0,0
2024-07-02,782,0,0,0
2024-07-03,736,0,0,0
2024-07-04,441,0,0,0
2024-07-05,708,0,0,0
2024-07-06,448,0,0,0
2024-07-07,485,0,0,0
2024-07-08,1171,0,0,0
2024-07-09,934,0,0,0
2024-07-10,856,0,0,0
2024-07-11,725,0,0,0
2024-07-12,753,0,0,0
2024-07-13,415,0,0,0
2024-07-14,475,0,0,0
2024-07-15,1141,0,0,0
2024-07-16,807,0,0,0
2024-07-17,720,0,0,0
2024-07-18,735,0,0,0
2024-07-19,541,0,0,0
2024-07-20,465,0,0,0
2024-07-21,528,0,0,0
2024-07-22,1174,0,0,0
2024-07-23,911,0,0,0
2024-07-24,880,0,0,0
2024-07-25,742,0,0,0
2024-07-26,685,0,0,0
2024-07-27,468,0,0,0
2024-07-28,571,0,0,0
2024-07-29,1233,0,0,0
2024-07-30,803,0,0,0
2024-07-31,839,0,0,0
2024-08-01,747,0,0,0
2024-08-02,684,0,0,0
2024-08-03,432,0,0,0
2024-08-04,506,0,0,0
2024-08-05,1211,0,0,0
2024-08-06,914,0,0,0
2024-08-07,822,0,0,0
2024-08-08,747,0,0,0
2024-08-09,727,0,0,0
2024-08-10,461,0,0,0
2024-08-11,439,0,0,0
2024-08-12,1028,0,0,0
2024-08-13,810,0,0,0
2024-08-14,752,0,0,0
2024-08-15,725,0,0,0
2024-08-16,663,0,0,0
2024-08-17,405,0,0,0
2024-08-18,497,0,0,0
2024-08-19,1216,0,0,0
2024-08-20,835,0,0,0
2024-08-21,699,0,0,0
2024-08-22,571,0,0,0
2024-08-23,591,0,0,0
2024-08-24,393,0,0,0
2024-08-25,374,0,0,0
2024-08-26,1136,0,0,0
2024-08-27,792,0,0,0
2024-08-28,674,0,0,0
2024-08-29,657,0,0,0
2024-08-30,521,0,0,0
2024-08-31,302,0,0,0
2024-09-01,325,0,0,0
2024-09-02,801,0,0,0
2024-09-03,788,0,0,0
2024-09-04,705,0,0,0
2024-09-05,621,0,0,0
2024-09-06,534,0,0,0
2024-09-07,291,0,0,0
2024-09-08,375,0,0,0
2024-09-09,927,0,0,0
2024-09-10,654,0,0,0
2024-09-11,618,0,0,0
2024-09-12,644,0,0,0
2024-09-13,508,0,0,0
2024-09-14,346,0,0,0
2024-09-15,365,0,0,0
2024-09-16,851,0,0,0
2024-09-17,698,0,0,0
2024-09-18,675,0,0,0
2024-09-19,533,0,0,0
2024-09-20,397,0,0,0
2024-09-21,239,0,0,0
2024-09-22,352,0,0,0
2024-09-23,744,0,0,0
2024-09-24,521,0,0,0
2024-09-25,459,0,0,0
2024-09-26,413,0,0,0
2024-09-27,350,0,0,0
2024-09-28,235,0,0,0
2024-09-29,238,0,0,0
2024-09-30,783,0,0,0
2024-10-01,441,0,0,0
2024-10-02,399,0,0,0
2024-10-03,338,0,0,0
2024-10-04,289,0,0,0
2024-10-05,194,0,0,0
2024-10-06,217,0,0,0
2024-10-07,724,0,0,0
2024-10-08,440,0,0,0
2024-10-09,350,0,0,0
2024-10-10,322,0,0,0
2024-10-11,284,0,0,0
2024-10-12,144,0,0,0
2024-10-13,184,0,0,0
2024-10-14,567,0,0,0
2024-10-15,347,0,0,0
2024-10-16,333,0,0,0
2024-10-17,253,0,0,0
2024-10-18,200,0,0,0
2024-10-19,145,0,0,0
2024-10-20,171,0,0,0
2024-10-21,471,0,0,0
2024-10-22,326,0,0,0
2024-10-23,286,0,0,0
2024-10-24,251,0,0,0
2024-10-25,232,0,0,0
2024-10-26,135,0,0,0
2024-10-27,168,0,0,0
2024-10-28,511,0,0,0
2024-10-29,293,0,0,0
2024-10-30,287,0,0,0
2024-10-31,240,0,0,0
2024-11-01,247,0,0,0
2024-11-02,119,0,0,0
2024-11-03,141,0,0,0
2024-11-04,459,0,0,0
2024-11-05,283,0,0,0
2024-11-06,307,0,0,0
2024-11-07,233,0,0,0
2024-11-08,190,0,0,0
2024-11-09,104,0,0,0
2024-11-10,117,0,0,0
2024-11-11,344,0,0,0
2024-11-12,241,0,0,0
2024-11-13,250,0,0,0
2024-11-14,243,0,0,0
2024-11-15,209,0,0,0
2024-11-16,117,0,0,0
2024-11-17,143,0,0,0
2024-11-18,410,0,0,0
2024-11-19,245,0,0,0
2024-11-20,231,0,0,0
2024-11-21,213,0,0,0
2024-11-22,219,0,0,0
2024-11-23,112,0,0,0
2024-11-24,139,0,0,0
2024-11-25,454,0,0,0
2024-11-26,289,0,0,0
2024-11-27,226,0,0,0
2024-11-28,148,0,0,0
2024-11-29,159,0,0,0
2024-11-30,141,0,0,0
2024-12-01,175,0,0,0
2024-12-02,497,0,0,0
2024-12-03,344,0,0,0
2024-12-04,269,0,0,0
2024-12-05,259,0,0,0
2024-12-06,210,0,0,0
2024-12-07,176,0,0,0
2024-12-08,165,0,0,0
2024-12-09,480,0,0,0
2024-12-10,347,0,0,0
2024-12-11,300,0,0,0
2024-12-12,266,0,0,0
2024-12-13,274,0,0,0
2024-12-14,150,0,0,0
2024-12-15,166,0,0,0
2024-12-16,477,0,0,0
2024-12-17,314,0,0,0
2024-12-18,332,0,0,0
2024-12-19,284,0,0,0
2024-12-20,279,0,0,0
2024-12-21,147,0,0,0
2024-12-22,171,0,0,0
2024-12-23,415,0,0,0
2024-12-24,299,0,0,0
2024-12-25,160,0,0,0
2024-12-26,361,0,0,0
2024-12-27,346,0,0,0
2024-12-28,262,0,0,0
2024-12-29,279,0,0,0
2024-12-30,497,0,0,0
2024-12-31,332,0,0,0
2025-01-01,221,0,0,0
2025-01-02,379,0,0,0
2025-01-03,313,0,0,0
2025-01-04,216,0,0,0
2025-01-05,236,0,0,0
2025-01-06,431,0,0,0
2025-01-07,388,0,0,0
2025-01-08,295,0,0,0
2025-01-09,287,0,0,0
2025-01-10,217,0,0,0
2025-01-11,134,0,0,0
2025-01-12,182,0,0,0
2025-01-13,389,0,0,0
2025-01-14,304,0,0,0
2025-01-15,283,0,0,0
2025-01-16,285,0,0,0
2025-01-17,248,0,0,0
2025-01-18,142,0,0,0
2025-01-19,139,0,0,0
2025-01-20,333,0,0,0
2025-01-21,347,0,0,0
2025-01-22,294,0,0,0
2025-01-23,317,0,0,0
2025-01-24,220,0,0,0
2025-01-25,134,0,0,0
2025-01-26,155,0,0,0
2025-01-27,338,0,0,0
2025-01-28,254,0,0,0
2025-01-29,229,0,0,0
2025-01-30,220,0,0,0
2025-01-31,215,0,0,0
2025-02-01,149,0,0,0
2025-02-02,180,0,0,0
2025-02-03,407,0,0,0
2025-02-04,370,0,0,0
2025-02-05,293,0,0,0
2025-02-06,252,0,0,0
2025-02-07,210,0,0,0
2025-02-08,149,0,0,0
2025-02-09,147,0,0,0
2025-02-10,354,0,0,0
2025-02-11,262,0,0,0
2025-02-12,248,0,0,0
2025-02-13,220,0,0,0
2025-02-14,229,0,0,0
2025-02-15,154,0,0,0
2025-02-16,125,0,0,0
2025-02-17,320,0,0,0
2025-02-18,257,0,0,0
2025-02-19,228,0,0,0
2025-02-20,246,0,0,0
2025-02-21,186,0,0,0
2025-02-22,137,0,0,0
2025-02-23,98,0,0,0
2025-02-24,307,0,0,0
2025-02-25,252,0,0,0
2025-02-26,235,0,0,0
2025-02-27,227,0,0,0
2025-02-28,167,0,0,0
2025-03-01,93,0,0,0
2025-03-02,116,0,0,0
2025-03-03,288,0,0,0
2025-03-04,205,0,0,0
2025-03-05,179,0,0,0
2025-03-06,207,0,0,0
2025-03-07,191,0,0,0
2025-03-08,100,0,0,0
2025-03-09,100,0,0,0
2025-03-10,255,0,0,0
2025-03-11,202,0,0,0
2025-03-12,161,0,0,0
2025-03-13,169,0,0,0
2025-03-14,136,0,0,0
2025-03-15,89,0,0,0
2025-03-16,86,0,0,0
2025-03-17,199,0,0,0
2025-03-18,122,0,0,0
2025-03-19,112,0,0,0
2025-03-20,124,0,0,0
2025-03-21,110,0,0,0
2025-03-22,81,0,0,0
2025-03-23,82,0,0,0
2025-03-24,180,0,0,0
2025-03-25,162,0,0,0
2025-03-26,153,0,0,0
2025-03-27,138,0,0,0
2025-03-28,115,0,0,0
2025-03-29,42,0,0,0
2025-03-30,80,0,0,0
2025-03-31,146,0,0,0
2025-04-01,116,0,0,0
2025-04-02,113,0,0,0
2025-04-03,101,0,0,0
2025-04-04,77,0,0,0
2025-04-05,44,0,0,0
2025-04-06,37,0,0,0
2025-04-07,113,0,0,0
2025-04-08,105,0,0,0
2025-04-09,94,0,0,0
2025-04-10,75,0,0,0
2025-04-11,44,0,0,0
2025-04-12,19,0,0,0
2025-04-13,16,0,0,0
2025-04-14,44,0,0,0
2025-04-15,18,0,0,0
2025-04-16,7,0,0,0
2025-04-17,1,0,0,0
2025-04-18,5,0,0,0
2025-04-19,2,0,0,0
