date,total_count,proportion,ci_lower,ci_upper
2019-12-23,1,0,0,0
2019-12-26,2,0,0,0
2019-12-30,13,0,0,0
2019-12-31,1,0,0,0
2020-01-01,3,0,0,0
2020-01-02,2,0,0,0
2020-01-03,1,0,0,0
2020-01-04,1,0,0,0
2020-01-05,1,0,0,0
2020-01-07,1,0,0,0
2020-01-08,2,0,0,0
2020-01-10,14,0,0,0
2020-01-11,1,0,0,0
2020-01-12,2,0,0,0
2020-01-13,1,0,0,0
2020-01-14,2,0,0,0
2020-01-15,0,0,0,0
2020-01-16,9,0,0,0
2020-01-17,2,0,0,0
2020-01-19,9,0,0,0
2020-01-20,5,0,0,0
2020-01-21,8,0,0,0
2020-01-22,25,0,0,0
2020-01-23,13,0,0,0
2020-01-24,9,0,0,0
2020-01-25,25,0,0,0
2020-01-26,16,0,0,0
2020-01-27,19,0,0,0
2020-01-28,11,0,0,0
2020-01-29,45,0,0,0
2020-01-30,22,0,0,0
2020-01-31,16,0,0,0
2020-02-01,18,0,0,0
2020-02-02,18,0,0,0
2020-02-03,23,0,0,0
2020-02-04,10,0,0,0
2020-02-05,16,0,0,0
2020-02-06,32,0,0,0
2020-02-07,29,0,0,0
2020-02-08,27,0,0,0
2020-02-09,25,0,0,0
2020-02-10,22,0,0,0
2020-02-11,25,0,0,0
2020-02-12,12,0,0,0
2020-02-13,15,0,0,0
2020-02-14,10,0,0,0
2020-02-15,39,0,0,0
2020-02-16,36,0,0,0
2020-02-17,46,0,0,0
2020-02-18,23,0,0,0
2020-02-19,16,0,0,0
2020-02-20,11,0,0,0
2020-02-21,16,0,0,0
2020-02-22,13,0,0,0
2020-02-23,12,0,0,0
2020-02-24,31,0,0,0
2020-02-25,35,0,0,0
2020-02-26,28,0,0,0
2020-02-27,63,0,0,0
2020-02-28,69,0,0,0
2020-02-29,83,0,0,0
2020-03-01,148,0,0,0
2020-03-02,201,0,0,0
2020-03-03,223,0,0,0
2020-03-04,230,0,0,0
2020-03-05,239,0,0,0
2020-03-06,203,0,0,0
2020-03-07,175,0,0,0
2020-03-08,209,0,0,0
2020-03-09,376,0,0,0
2020-03-10,422,0,0,0
2020-03-11,523,0,0,0
2020-03-12,718,0,0,0
2020-03-13,809,0,0,0
2020-03-14,835,0,0,0
2020-03-15,977,0,0,0
2020-03-16,1233,0,0,0
2020-03-17,1167,0,0,0
2020-03-18,1163,0,0,0
2020-03-19,1144,0,0,0
2020-03-20,1114,0,0,0
2020-03-21,973,0,0,0
2020-03-22,855,0,0,0
2020-03-23,1656,0,0,0
2020-03-24,1777,0,0,0
2020-03-25,1643,0,0,0
2020-03-26,1670,0,0,0
2020-03-27,1687,0,0,0
2020-03-28,1355,0,0,0
2020-03-29,1254,0,0,0
2020-03-30,1802,0,0,0
2020-03-31,1870,0,0,0
2020-04-01,1864,0,0,0
2020-04-02,1546,0,0,0
2020-04-03,1640,0,0,0
2020-04-04,1240,0,0,0
2020-04-05,988,0,0,0
2020-04-06,1705,0,0,0
2020-04-07,1456,0,0,0
2020-04-08,1517,0,0,0
2020-04-09,1139,0,0,0
2020-04-10,1240,0,0,0
2020-04-11,1014,0,0,0
2020-04-12,844,0,0,0
2020-04-13,1324,0,0,0
2020-04-14,1237,0,0,0
2020-04-15,1162,0,0,0
2020-04-16,1140,0,0,0
2020-04-17,1001,0,0,0
2020-04-18,773,0,0,0
2020-04-19,656,0,0,0
2020-04-20,1117,0,0,0
2020-04-21,1082,0,0,0
2020-04-22,1101,0,0,0
2020-04-23,940,0,0,0
2020-04-24,911,0,0,0
2020-04-25,559,0,0,0
2020-04-26,474,0,0,0
2020-04-27,1051,0,0,0
2020-04-28,885,0,0,0
2020-04-29,1106,0,0,0
2020-04-30,1096,0,0,0
2020-05-01,1001,0,0,0
2020-05-02,605,0,0,0
2020-05-03,504,0,0,0
2020-05-04,1002,0,0,0
2020-05-05,951,0,0,0
2020-05-06,798,0,0,0
2020-05-07,735,0,0,0
2020-05-08,647,0,0,0
2020-05-09,492,0,0,0
2020-05-10,450,0,0,0
2020-05-11,788,0,0,0
2020-05-12,766,0,0,0
2020-05-13,760,0,0,0
2020-05-14,771,0,0,0
2020-05-15,514,0,0,0
2020-05-16,290,0,0,0
2020-05-17,241,0,0,0
2020-05-18,564,0,0,0
2020-05-19,668,0,0,0
2020-05-20,497,0,0,0
2020-05-21,477,0,0,0
2020-05-22,608,0,0,0
2020-05-23,276,0,0,0
2020-05-24,271,0,0,0
2020-05-25,296,0,0,0
2020-05-26,530,0,0,0
2020-05-27,532,0,0,0
2020-05-28,340,0,0,0
2020-05-29,365,0,0,0
2020-05-30,280,0,0,0
2020-05-31,214,0,0,0
2020-06-01,500,0,0,0
2020-06-02,593,0,0,0
2020-06-03,396,0,0,0
2020-06-04,446,0,0,0
2020-06-05,395,0,0,0
2020-06-06,224,0,0,0
2020-06-07,356,0,0,0
2020-06-08,623,0,0,0
2020-06-09,532,0,0,0
2020-06-10,585,0,0,0
2020-06-11,745,0,0,0
2020-06-12,679,0,0,0
2020-06-13,640,0,0,0
2020-06-14,563,0,0,0
2020-06-15,846,0,0,0
2020-06-16,760,0,0,0
2020-06-17,665,0,0,0
2020-06-18,714,0,0,0
2020-06-19,733,0,0,0
2020-06-20,416,0,0,0
2020-06-21,474,0,0,0
2020-06-22,557,0,0,0
2020-06-23,614,0,0,0
2020-06-24,703,0,0,0
2020-06-25,565,0,0,0
2020-06-26,462,0,0,0
2020-06-27,371,0,0,0
2020-06-28,276,0,0,0
2020-06-29,591,0,0,0
2020-06-30,573,0,0,0
2020-07-01,623,0,0,0
2020-07-02,746,0,0,0
2020-07-03,519,0,0,0
2020-07-04,324,0,0,0
2020-07-05,294,0,0,0
2020-07-06,657,0,0,0
2020-07-07,721,0,0,0
2020-07-08,814,0,0,0
2020-07-09,746,0,0,0
2020-07-10,554,0,0,0
2020-07-11,364,0,0,0
2020-07-12,311,0,0,0
2020-07-13,705,0,0,0
2020-07-14,719,0,0,0
2020-07-15,915,0,0,0
2020-07-16,706,0,0,0
2020-07-17,692,0,0,0
2020-07-18,572,0,0,0
2020-07-19,434,0,0,0
2020-07-20,669,0,0,0
2020-07-21,768,0,0,0
2020-07-22,635,0,0,0
2020-07-23,813,0,0,0
2020-07-24,662,0,0,0
2020-07-25,458,0,0,0
2020-07-26,318,0,0,0
2020-07-27,812,0,0,0
2020-07-28,672,0,0,0
2020-07-29,676,0,0,0
2020-07-30,608,0,0,0
2020-07-31,562,0,0,0
2020-08-01,520,0,0,0
2020-08-02,433,0,0,0
2020-08-03,899,0,0,0
2020-08-04,739,0,0,0
2020-08-05,592,0,0,0
2020-08-06,701,0,0,0
2020-08-07,569,0,0,0
2020-08-08,394,0,0,0
2020-08-09,442,0,0,0
2020-08-10,797,0,0,0
2020-08-11,754,0,0,0
2020-08-12,682,0,0,0
2020-08-13,770,0,0,0
2020-08-14,710,0,0,0
2020-08-15,406,0,0,0
2020-08-16,360,0,0,0
2020-08-17,853,0,0,0
2020-08-18,776,0,0,0
2020-08-19,752,0,0,0
2020-08-20,927,0,0,0
2020-08-21,766,0,0,0
2020-08-22,352,0,0,0
2020-08-23,353,0,0,0
2020-08-24,680,0,0,0
2020-08-25,719,0,0,0
2020-08-26,977,0,0,0
2020-08-27,899,0,0,0
2020-08-28,744,0,0,0
2020-08-29,534,0,0,0
2020-08-30,649,0,0,0
2020-08-31,1027,0,0,0
2020-09-01,932,0,0,0
2020-09-02,763,0,0,0
2020-09-03,945,0,0,0
2020-09-04,811,0,0,0
2020-09-05,441,0,0,0
2020-09-06,312,0,0,0
2020-09-07,893,0,0,0
2020-09-08,832,0,0,0
2020-09-09,1383,0,0,0
2020-09-10,1662,0,0,0
2020-09-11,890,0,0,0
2020-09-12,378,0,0,0
2020-09-13,359,0,0,0
2020-09-14,832,0,0,0
2020-09-15,826,0,0,0
2020-09-16,1952,0,0,0
2020-09-17,971,0,0,0
2020-09-18,1254,0,0,0
2020-09-19,797,0,0,0
2020-09-20,690,0,0,0
2020-09-21,1487,0,0,0
2020-09-22,1041,0,0,0
2020-09-23,1342,0,0,0
2020-09-24,2607,0,0,0
2020-09-25,1136,0,0,0
2020-09-26,493,0,0,0
2020-09-27,1069,0,0,0
2020-09-28,812,0,0,0
2020-09-29,1245,0,0,0
2020-09-30,1110,0,0,0
2020-10-01,2128,0.00046992481203007516,8.16512964901204e-05,0.0026154988552107247
2020-10-02,1418,0,0,0
2020-10-03,1234,0,0,0
2020-10-04,673,0,0,0
2020-10-05,2260,0,0,0
2020-10-06,1991,0,0,0
2020-10-07,2005,0,0,0
2020-10-08,1853,0,0,0
2020-10-09,1572,0,0,0
2020-10-10,825,0,0,0
2020-10-11,1002,0,0,0
2020-10-12,2129,0,0,0
2020-10-13,1578,0,0,0
2020-10-14,1934,0,0,0
2020-10-15,2521,0,0,0
2020-10-16,1500,0,0,0
2020-10-17,1230,0,0,0
2020-10-18,750,0,0,0
2020-10-19,1916,0,0,0
2020-10-20,2120,0,0,0
2020-10-21,2480,0,0,0
2020-10-22,1991,0,0,0
2020-10-23,1486,0,0,0
2020-10-24,1532,0,0,0
2020-10-25,818,0,0,0
2020-10-26,2663,0,0,0
2020-10-27,1732,0,0,0
2020-10-28,1368,0,0,0
2020-10-29,2097,0,0,0
2020-10-30,2188,0,0,0
2020-10-31,1014,0,0,0
2020-11-01,2511,0,0,0
2020-11-02,3671,0,0,0
2020-11-03,2183,0,0,0
2020-11-04,3273,0,0,0
2020-11-05,2954,0,0,0
2020-11-06,2288,0,0,0
2020-11-07,1751,0,0,0
2020-11-08,2615,0,0,0
2020-11-09,2942,0,0,0
2020-11-10,2262,0,0,0
2020-11-11,2585,0,0,0
2020-11-12,3190,0,0,0
2020-11-13,2921,0,0,0
2020-11-14,2647,0,0,0
2020-11-15,1478,0,0,0
2020-11-16,1681,0,0,0
2020-11-17,2098,0,0,0
2020-11-18,2919,0,0,0
2020-11-19,1322,0,0,0
2020-11-20,1857,0,0,0
2020-11-21,1478,0,0,0
2020-11-22,1704,0,0,0
2020-11-23,2174,0,0,0
2020-11-24,1763,0,0,0
2020-11-25,1660,0,0,0
2020-11-26,1110,0,0,0
2020-11-27,1566,0,0,0
2020-11-28,887,0,0,0
2020-11-29,825,0,0,0
2020-11-30,2340,0,0,0
2020-12-01,2538,0,0,0
2020-12-02,2218,0,0,0
2020-12-03,1916,0,0,0
2020-12-04,1575,0,0,0
2020-12-05,896,0,0,0
2020-12-06,1122,0,0,0
2020-12-07,2518,0,0,0
2020-12-08,2216,0,0,0
2020-12-09,2240,0,0,0
2020-12-10,4231,0,0,0
2020-12-11,3562,0,0,0
2020-12-12,2045,0,0,0
2020-12-13,1950,0,0,0
2020-12-14,3977,0,0,0
2020-12-15,4177,0,0,0
2020-12-16,3587,0,0,0
2020-12-17,3236,0,0,0
2020-12-18,3288,0,0,0
2020-12-19,2594,0,0,0
2020-12-20,1978,0,0,0
2020-12-21,3214,0,0,0
2020-12-22,2770,0,0,0
2020-12-23,2307,0,0,0
2020-12-24,2092,0,0,0
2020-12-25,1087,0,0,0
2020-12-26,2983,0,0,0
2020-12-27,2554,0,0,0
2020-12-28,3238,0,0,0
2020-12-29,4015,0,0,0
2020-12-30,3107,0,0,0
2020-12-31,2729,0,0,0
2021-01-01,1859,0,0,0
2021-01-02,3677,0,0,0
2021-01-03,3040,0,0,0
2021-01-04,5256,0,0,0
2021-01-05,4716,0,0,0
2021-01-06,3182,0,0,0
2021-01-07,3463,0,0,0
2021-01-08,4190,0,0,0
2021-01-09,3944,0,0,0
2021-01-10,2725,0,0,0
2021-01-11,5088,0,0,0
2021-01-12,5253,0,0,0
2021-01-13,4109,0,0,0
2021-01-14,4526,0,0,0
2021-01-15,5024,0,0,0
2021-01-16,3714,0,0,0
2021-01-17,3267,0,0,0
2021-01-18,5531,0,0,0
2021-01-19,5550,0,0,0
2021-01-20,4982,0,0,0
2021-01-21,4776,0,0,0
2021-01-22,4718,0,0,0
2021-01-23,3235,0,0,0
2021-01-24,2815,0,0,0
2021-01-25,7439,0,0,0
2021-01-26,5952,0,0,0
2021-01-27,5754,0,0,0
2021-01-28,5695,0.0001755926251097454,3.0061942874685438e-05,0.0009641105344773248
2021-01-29,6406,0,0,0
2021-01-30,4204,0,0,0
2021-01-31,3434,0,0,0
2021-02-01,5805,0,0,0
2021-02-02,5290,0,0,0
2021-02-03,4295,0,0,0
2021-02-04,4564,0,0,0
2021-02-05,4433,0,0,0
2021-02-06,3444,0,0,0
2021-02-07,3114,0,0,0
2021-02-08,6996,0,0,0
2021-02-09,6981,0,0,0
2021-02-10,7033,0,0,0
2021-02-11,6510,0,0,0
2021-02-12,6041,0,0,0
2021-02-13,4427,0,0,0
2021-02-14,4241,0,0,0
2021-02-15,7842,0,0,0
2021-02-16,7495,0,0,0
2021-02-17,5848,0,0,0
2021-02-18,5320,0,0,0
2021-02-19,5777,0,0,0
2021-02-20,4621,0,0,0
2021-02-21,4851,0,0,0
2021-02-22,8212,0,0,0
2021-02-23,6475,0,0,0
2021-02-24,6996,0,0,0
2021-02-25,7253,0,0,0
2021-02-26,6288,0,0,0
2021-02-27,4108,0,0,0
2021-02-28,3878,0,0,0
2021-03-01,7653,0.00013066771200836272,2.241274548695438e-05,0.0007189219534237447
2021-03-02,7116,0,0,0
2021-03-03,7591,0,0,0
2021-03-04,6407,0,0,0
2021-03-05,6434,0,0,0
2021-03-06,4062,0,0,0
2021-03-07,3777,0,0,0
2021-03-08,8711,0,0,0
2021-03-09,7933,0.00012605571662674902,2.1516659280720476e-05,0.0006901929818994895
2021-03-10,8400,0.00011904761904761905,2.0402512145217242e-05,0.0006544712055069172
2021-03-11,7865,0,0,0
2021-03-12,8394,0,0,0
2021-03-13,5685,0,0,0
2021-03-14,4818,0,0,0
2021-03-15,10523,0,0,0
2021-03-16,9624,0,0,0
2021-03-17,8181,0,0,0
2021-03-18,8681,0,0,0
2021-03-19,7613,0,0,0
2021-03-20,6368,0,0,0
2021-03-21,5860,0,0,0
2021-03-22,10833,0,0,0
2021-03-23,9097,0,0,0
2021-03-24,8909,0,0,0
2021-03-25,9691,0,0,0
2021-03-26,7835,0,0,0
2021-03-27,5865,0,0,0
2021-03-28,4932,0,0,0
2021-03-29,11250,0,0,0
2021-03-30,9925,0,0,0
2021-03-31,9407,0,0,0
2021-04-01,10226,0,0,0
2021-04-02,7149,0,0,0
2021-04-03,6115,0,0,0
2021-04-04,4327,0,0,0
2021-04-05,8517,0.00011741223435481978,2.0278290606803387e-05,0.0006504883013587687
2021-04-06,8820,0,0,0
2021-04-07,9083,0.0002201915666629968,5.828061465805759e-05,0.0007746170944228896
2021-04-08,8865,0,0,0
2021-04-09,8615,0,0,0
2021-04-10,6613,0,0,0
2021-04-11,5146,0,0,0
2021-04-12,10244,0,0,0
2021-04-13,10774,0,0,0
2021-04-14,9557,0.00010463534581981794,1.7616985121276775e-05,0.0005651535965686813
2021-04-15,8765,0,0,0
2021-04-16,8936,0,0,0
2021-04-17,5646,0,0,0
2021-04-18,3847,0,0,0
2021-04-19,9536,0.00010486577181208053,1.7352025771971612e-05,0.0005566571049194208
2021-04-20,9133,0,0,0
2021-04-21,8144,0,0,0
2021-04-22,8370,0,0,0
2021-04-23,7698,0,0,0
2021-04-24,5005,0.0001998001998001998,3.404517275151149e-05,0.0010917552371126093
2021-04-25,3763,0,0,0
2021-04-26,9137,0.00010944511327569225,1.8381993693172382e-05,0.0005896846574734296
2021-04-27,9037,0,0,0
2021-04-28,7690,0,0,0
2021-04-29,8261,0,0,0
2021-04-30,7783,0,0,0
2021-05-01,4406,0.00022696323195642307,3.852570369303731e-05,0.0012353080894323075
2021-05-02,3426,0,0,0
2021-05-03,8949,0,0,0
2021-05-04,8213,0,0,0
2021-05-05,7428,0,0,0
2021-05-06,7051,0,0,0
2021-05-07,6687,0,0,0
2021-05-08,3959,0,0,0
2021-05-09,2918,0,0,0
2021-05-10,8481,0,0,0
2021-05-11,7038,0.00014208581983518045,2.4435635851973337e-05,0.0007837724466273106
2021-05-12,6356,0,0,0
2021-05-13,4837,0,0,0
2021-05-14,4875,0,0,0
2021-05-15,3832,0,0,0
2021-05-16,2388,0,0,0
2021-05-17,8016,0.000124750499001996,2.1464331988535976e-05,0.0006885153059276825
2021-05-18,6157,0,0,0
2021-05-19,5809,0,0,0
2021-05-20,5293,0,0,0
2021-05-21,4415,0,0,0
2021-05-22,3065,0,0,0
2021-05-23,2243,0,0,0
2021-05-24,6743,0,0,0
2021-05-25,5450,0,0,0
2021-05-26,5606,0,0,0
2021-05-27,5043,0,0,0
2021-05-28,4929,0,0,0
2021-05-29,3954,0,0,0
2021-05-30,3105,0,0,0
2021-05-31,7395,0,0,0
2021-06-01,6913,0.0004339649934905251,0.00013721371810700793,0.0011856101441644685
2021-06-02,6157,0,0,0
2021-06-03,5494,0,0,0
2021-06-04,5562,0,0,0
2021-06-05,4600,0,0,0
2021-06-06,3854,0,0,0
2021-06-07,9064,0,0,0
2021-06-08,6138,0,0,0
2021-06-09,4858,0,0,0
2021-06-10,3862,0,0,0
2021-06-11,3599,0,0,0
2021-06-12,1989,0,0,0
2021-06-13,1868,0,0,0
2021-06-14,4978,0,0,0
2021-06-15,5498,0,0,0
2021-06-16,5099,0,0,0
2021-06-17,4548,0.00021987686895338611,3.703831106630684e-05,0.0011876564460929244
2021-06-18,5431,0,0,0
2021-06-19,3116,0,0,0
2021-06-20,3136,0,0,0
2021-06-21,5776,0,0,0
2021-06-22,6937,0,0,0
2021-06-23,5754,0,0,0
2021-06-24,5696,0,0,0
2021-06-25,4946,0,0,0
2021-06-26,5917,0,0,0
2021-06-27,4983,0,0,0
2021-06-28,7553,0,0,0
2021-06-29,9377,0,0,0
2021-06-30,7618,0,0,0
2021-07-01,7763,0,0,0
2021-07-02,6674,0,0,0
2021-07-03,4567,0,0,0
2021-07-04,6114,0,0,0
2021-07-05,8827,0,0,0
2021-07-06,8062,0,0,0
2021-07-07,8800,0,0,0
2021-07-08,7890,0,0,0
2021-07-09,7479,0,0,0
2021-07-10,5636,0,0,0
2021-07-11,5974,0,0,0
2021-07-12,9291,0,0,0
2021-07-13,8900,0,0,0
2021-07-14,9935,0,0,0
2021-07-15,8952,0,0,0
2021-07-16,10176,0,0,0
2021-07-17,7267,0,0,0
2021-07-18,6786,0,0,0
2021-07-19,12667,0,0,0
2021-07-20,13191,7.580926389204761e-05,1.1757124477542516e-05,0.0003772202103213543
2021-07-21,12202,0,0,0
2021-07-22,13163,0,0,0
2021-07-23,12769,0,0,0
2021-07-24,10503,0,0,0
2021-07-25,10710,0,0,0
2021-07-26,15736,0,0,0
2021-07-27,15339,0,0,0
2021-07-28,14513,0,0,0
2021-07-29,16261,0,0,0
2021-07-30,15294,0,0,0
2021-07-31,11700,0,0,0
2021-08-01,10199,0,0,0
2021-08-02,17315,5.775339301183944e-05,9.476629899779689e-06,0.0003040679820623552
2021-08-03,18003,5.554629783924901e-05,8.89409548895535e-06,0.00028538058151012966
2021-08-04,17490,0,0,0
2021-08-05,16969,5.8930991808592137e-05,9.386927628832929e-06,0.0003011904127641023
2021-08-06,16416,0,0,0
2021-08-07,12388,0,0,0
2021-08-08,9793,0,0,0
2021-08-09,17533,0,0,0
2021-08-10,17790,0,0,0
2021-08-11,15039,0,0,0
2021-08-12,15533,0,0,0
2021-08-13,12493,8.004482510205715e-05,1.3035122198129031e-05,0.00041821161554609493
2021-08-14,10526,0,0,0
2021-08-15,10599,0,0,0
2021-08-16,18462,0,0,0
2021-08-17,18723,0,0,0
2021-08-18,18084,0,0,0
2021-08-19,15433,0,0,0
2021-08-20,15278,0,0,0
2021-08-21,11134,8.981498113885396e-05,1.483127598125119e-05,0.00047581862482038557
2021-08-22,9815,0,0,0
2021-08-23,18610,0,0,0
2021-08-24,19921,0,0,0
2021-08-25,17556,5.696058327637275e-05,9.2506633070081e-06,0.0002968191512931508
2021-08-26,18257,5.4773511529824174e-05,9.131506000831841e-06,0.00029299664797380424
2021-08-27,17707,5.64748404585757e-05,9.451259945851021e-06,0.00030325413765250987
2021-08-28,12049,0,0,0
2021-08-29,9012,0,0,0
2021-08-30,20192,0.00014857369255150555,4.779259305523507e-05,0.00041313251983994494
2021-08-31,23627,0,0,0
2021-09-01,19199,0,0,0
2021-09-02,20217,0,0,0
2021-09-03,17444,5.732630130703967e-05,9.574290676871958e-06,0.0003072008395861633
2021-09-04,12866,0,0,0
2021-09-05,9663,0,0,0
2021-09-06,15595,0,0,0
2021-09-07,24217,0,0,0
2021-09-08,21543,0,0,0
2021-09-09,20587,0,0,0
2021-09-10,19753,0,0,0
2021-09-11,12541,0,0,0
2021-09-12,10968,9.117432530999271e-05,1.5057739035168825e-05,0.0004830815041861261
2021-09-13,21250,0,0,0
2021-09-14,19734,0,0,0
2021-09-15,16786,0,0,0
2021-09-16,18137,0,0,0
2021-09-17,18340,0,0,0
2021-09-18,11390,0,0,0
2021-09-19,10558,0.0035991665088084867,0.002451321740801071,0.004612530237802257
2021-09-20,20756,0,0,0
2021-09-21,19854,0.00010073536818777072,2.627395762799009e-05,0.00034930243450288366
2021-09-22,14569,0,0,0
2021-09-23,16015,0,0,0
2021-09-24,17657,0,0,0
2021-09-25,9728,0,0,0
2021-09-26,9560,0,0,0
2021-09-27,19705,0,0,0
2021-09-28,18432,0,0,0
2021-09-29,18576,0,0,0
2021-09-30,16302,0,0,0
2021-10-01,14228,0,0,0
2021-10-02,9907,0,0,0
2021-10-03,10320,0,0,0
2021-10-04,19639,0,0,0
2021-10-05,18340,0,0,0
2021-10-06,16234,0,0,0
2021-10-07,17414,0.00011485012059262662,3.035084605753104e-05,0.00040348974704620055
2021-10-08,15407,0,0,0
2021-10-09,12056,0,0,0
2021-10-10,10664,0,0,0
2021-10-11,17302,5.7796786498670675e-05,9.533440924733955e-06,0.0003058904231757019
2021-10-12,18055,0,0,0
2021-10-13,15332,0,0,0
2021-10-14,15882,0,0,0
2021-10-15,14870,0,0,0
2021-10-16,10331,0,0,0
2021-10-17,9569,0,0,0
2021-10-18,19131,0,0,0
2021-10-19,18532,0,0,0
2021-10-20,16137,0,0,0
2021-10-21,15807,0,0,0
2021-10-22,16199,0,0,0
2021-10-23,14115,0,0,0
2021-10-24,11395,0,0,0
2021-10-25,20340,4.9164208456243856e-05,8.362359537247366e-06,0.00026832232889427096
2021-10-26,18706,0,0,0
2021-10-27,18548,0,0,0
2021-10-28,17360,0,0,0
2021-10-29,16040,0,0,0
2021-10-30,13137,0,0,0
2021-10-31,13619,0,0,0
2021-11-01,19077,0,0,0
2021-11-02,19854,0,0,0
2021-11-03,21897,0,0,0
2021-11-04,20060,0,0,0
2021-11-05,19454,5.1403310373188036e-05,8.811076315864558e-06,0.00028271732861972495
2021-11-06,13538,0,0,0
2021-11-07,13619,0,0,0
2021-11-08,25116,0,0,0
2021-11-09,22345,0,0,0
2021-11-10,22955,0,0,0
2021-11-11,20053,0,0,0
2021-11-12,18256,0,0,0
2021-11-13,15636,0,0,0
2021-11-14,12413,0,0,0
2021-11-15,24222,0,0,0
2021-11-16,23702,0,0,0
2021-11-17,21152,0,0,0
2021-11-18,20658,0,0,0
2021-11-19,17304,0,0,0
2021-11-20,15958,0,0,0
2021-11-21,14947,0,0,0
2021-11-22,26359,0,0,0
2021-11-23,21984,0,0,0
2021-11-24,20532,0,0,0
2021-11-25,14259,0,0,0
2021-11-26,20676,0,0,0
2021-11-27,14339,0,0,0
2021-11-28,16829,0,0,0
2021-11-29,33099,0,0,0
2021-11-30,25834,0,0,0
2021-12-01,23509,0,0,0
2021-12-02,21891,9.136174683659952e-05,2.4315847391924744e-05,0.000323275245623551
2021-12-03,20144,4.9642573471008734e-05,8.429447292901086e-06,0.00027047454785595693
2021-12-04,17559,0,0,0
2021-12-05,16380,0,0,0
2021-12-06,31937,0,0,0
2021-12-07,25970,0,0,0
2021-12-08,23384,0,0,0
2021-12-09,20776,0.0001443973815941471,4.6651838288921024e-05,0.00040327370199660435
2021-12-10,19206,0.0004165364990107258,0.0001999218665682463,0.0007783719388621245
2021-12-11,13976,0.0004293073840870063,0.00018831806148189361,0.0008962148193292463
2021-12-12,13952,0.00028669724770642203,0.00010673595365278935,0.0007055653681011802
2021-12-13,25898,0.00034751718279403814,0.00017266897691347124,0.0006236605454212355
2021-12-14,25034,0.00035951106495166576,0.00017817218329851877,0.0006435324236767547
2021-12-15,25646,0.00023395461280511582,0.00010011353371228159,0.0004765351027591808
2021-12-16,22777,0.0006585590727488256,0.00036789124722473994,0.0010013358479998874
2021-12-17,19597,0.0009695361534928816,0.0005541898034047322,0.0013515262589665685
2021-12-18,19118,0.0001046134532900931,2.613872292984969e-05,0.00034750492242934525
2021-12-19,14210,0,0,0
2021-12-20,25176,0,0,0
2021-12-21,24884,0,0,0
2021-12-22,24898,4.0163868583821995e-05,5.893060772627538e-06,0.00018910096042548173
2021-12-23,21540,0.00018570102135561745,6.075372260661799e-05,0.0004016671321053229
2021-12-24,8772,0.00045599635202918376,0.000129169238952307,0.0008537937975999458
2021-12-25,5716,0.0006997900629811056,0.00021666365464038703,0.0014317023115579767
2021-12-26,16146,6.19348445435402e-05,9.40944439457459e-06,0.00030191273176363807
2021-12-27,28623,0.0009432973482863432,0.0005452658101701993,0.001153966538784092
2021-12-28,27697,0.0004332599198469148,0.00020995423222255031,0.0006414228963364725
2021-12-29,30717,0.0010092131393039684,0.0006043192938064965,0.0012171338576314583
2021-12-30,28652,0.00027921262041044257,0.00011687439827609794,0.00045509708054437614
2021-12-31,14464,0,0,0
2022-01-01,10212,0,0,0
2022-01-02,20535,0,0,0
2022-01-03,35361,0,0,0
2022-01-04,35807,0,0,0
2022-01-05,28245,0,0,0
2022-01-06,27210,0,0,0
2022-01-07,21995,0,0,0
2022-01-08,15078,0.0035150550470884733,0.002303810539051024,0.003937600259259701
2022-01-09,13897,0.0029502770382096857,0.0019177489742916605,0.003525999030634712
2022-01-10,28726,0,0,0
2022-01-11,29344,3.4078516902944385e-05,5.2717914712690144e-06,0.00016916763850979017
2022-01-12,25057,0,0,0
2022-01-13,24932,4.010909674314134e-05,6.302513316629802e-06,0.00020223786340747678
2022-01-14,24765,0.0012113870381586917,0.0007634500792980149,0.0015552092973143646
2022-01-15,17008,0.002057855126999059,0.001310393634102483,0.0025327524445036814
2022-01-16,15718,0.0001272426517368622,3.179723989571068e-05,0.000422713395616065
2022-01-17,28242,0.0003540825720558034,0.00017169868867416681,0.0005817846357604009
2022-01-18,31083,0,0,0
2022-01-19,26796,0.0004478280340349306,0.00020881741575898435,0.0006379506538292828
2022-01-20,25547,0,0,0
2022-01-21,23852,0.0019704846553748115,0.001323614667873283,0.002338966007157747
2022-01-22,16317,0.002574002574002574,0.0017144966795873005,0.0031298405697934044
2022-01-23,16491,0,0,0
2022-01-24,29364,0.0008173273395995096,0.0004965257592896776,0.0010990991328920067
2022-01-25,27311,0,0,0
2022-01-26,24712,0,0,0
2022-01-27,21346,0.0022486648552422,0.0014445023351692657,0.002537400461887568
2022-01-28,19310,0.002589331952356292,0.0017079157903059556,0.002966087916863654
2022-01-29,15798,0.0017723762501582478,0.0010433323321487286,0.0021781421662126267
2022-01-30,18920,0.0006871035940803383,0.00035558964046235835,0.0010407149250740062
2022-01-31,28425,0.001759014951627089,0.0011258317198624928,0.001955627317589999
2022-02-01,22255,0.0003594697820714446,0.00014806233653931673,0.0005765109461223826
2022-02-02,24993,0,0,0
2022-02-03,25160,0,0,0
2022-02-04,21298,0.000516480420696779,0.00024072388247214446,0.0007718049312792894
2022-02-05,17934,0.0007248801159808186,0.00038132544098646047,0.00111600708171658
2022-02-06,18114,0.00022082367229767032,7.695406167054838e-05,0.000508746441591877
2022-02-07,28701,0,0,0
2022-02-08,27442,0,0,0
2022-02-09,24147,0,0,0
2022-02-10,22098,0,0,0
2022-02-11,21950,0.0012300683371298405,0.0007472164416936932,0.0015811777623817407
2022-02-12,17440,0.00028669724770642203,0.00011019886013141175,0.0006038436007572035
2022-02-13,15660,0.0007662835249042146,0.00039966457579487775,0.0012207437976591061
2022-02-14,29885,0,0,0
2022-02-15,26933,0,0,0
2022-02-16,22388,0,0,0
2022-02-17,25085,0.003268885788319713,0.0025122208867549025,0.003867201785253886
2022-02-18,20589,0.0006799747437952304,0.0003796177559313633,0.0010693847251604688
2022-02-19,17511,0.00045685569070869737,0.00022273753616176224,0.0008671703265905289
2022-02-20,15188,0,0,0
2022-02-21,26742,0,0,0
2022-02-22,24746,0.0013739594277863089,0.0009484263351118432,0.0018510142381409646
2022-02-23,20567,0,0,0
2022-02-24,17183,0.0021532910434732,0.0015024207793018832,0.0028521490217641556
2022-02-25,15743,0.0017785682525566918,0.001183995155245491,0.0024716052752437085
2022-02-26,12143,0.0003294078893189492,0.00012478598942935372,0.0008248331300308324
2022-02-27,10009,0.0005994604855629933,0.000268694750307068,0.001278511527403098
2022-02-28,16692,0,0,0
2022-03-01,18063,0,0,0
2022-03-02,21193,0,0,0
2022-03-03,20179,0,0,0
2022-03-04,18310,0.0008192244675040961,0.00048405854715260636,0.001317383236536233
2022-03-05,15623,0.00012801638609742048,3.452328586793605e-05,0.00045894334084615817
2022-03-06,16017,0,0,0
2022-03-07,25397,0,0,0
2022-03-08,19931,0.002408308664893884,0.0017667728297222263,0.0031031116395832045
2022-03-09,25149,0,0,0
2022-03-10,17707,0,0,0
2022-03-11,15974,6.26017278076875e-05,1.087355905742831e-05,0.0003488786878175504
2022-03-12,13830,0.00021691973969631235,7.247912767653354e-05,0.0006264563677699887
2022-03-13,18015,5.550929780738274e-05,9.696303888195596e-06,0.00031111487830145005
2022-03-14,26627,0,0,0
2022-03-15,20320,0,0,0
2022-03-16,22089,0,0,0
2022-03-17,21921,0.000456183568267871,0.00024464401817945243,0.0008288743773049836
2022-03-18,17684,0,0,0
2022-03-19,17199,0,0,0
2022-03-20,14510,6.891798759476223e-05,1.2016439683126716e-05,0.00038553786633307535
2022-03-21,22548,0,0,0
2022-03-22,19829,5.0431186645821776e-05,8.781707342092758e-06,0.0002817751702609618
2022-03-23,18722,0,0,0
2022-03-24,18663,0,0,0
2022-03-25,17172,0,0,0
2022-03-26,14440,0,0,0
2022-03-27,12981,7.703566751405901e-05,1.3495541413883356e-05,0.00043297883351282017
2022-03-28,28812,0,0,0
2022-03-29,17436,0,0,0
2022-03-30,13286,0,0,0
2022-03-31,10570,0,0,0
2022-04-01,9776,0.00010229132569558102,1.7719554666545713e-05,0.0005684426817470853
2022-04-02,8063,0.0011162098474513209,0.0005833080411973725,0.0021056031890794805
2022-04-03,7294,0,0,0
2022-04-04,16245,0,0,0
2022-04-05,12303,0,0,0
2022-04-06,12431,0,0,0
2022-04-07,13216,0.0001513317191283293,4.109031271721186e-05,0.0005462144378124829
2022-04-08,10226,0,0,0
2022-04-09,7989,0,0,0
2022-04-10,7782,0,0,0
2022-04-11,15212,0,0,0
2022-04-12,12588,0,0,0
2022-04-13,10858,9.209799226376865e-05,1.6151707372463608e-05,0.0005181650067743873
2022-04-14,9593,0,0,0
2022-04-15,8810,0,0,0
2022-04-16,7857,0.00012727504136438844,2.230512637835881e-05,0.0007154716940116827
2022-04-17,5603,0,0,0
2022-04-18,11130,0,0,0
2022-04-19,13999,7.143367383384528e-05,1.2514821731444451e-05,0.0004015234222020617
2022-04-20,11834,0,0,0
2022-04-21,10769,0,0,0
2022-04-22,10025,0,0,0
2022-04-23,7464,0,0,0
2022-04-24,6942,0,0,0
2022-04-25,12061,0,0,0
2022-04-26,10664,0,0,0
2022-04-27,9177,0,0,0
2022-04-28,7871,0,0,0
2022-04-29,8060,0,0,0
2022-04-30,5691,0,0,0
2022-05-01,4272,0,0,0
2022-05-02,8975,0.00011142061281337047,1.9449362859640494e-05,0.0006239098781209509
2022-05-03,9264,0,0,0
2022-05-04,8355,0,0,0
2022-05-05,8525,0,0,0
2022-05-06,8139,0.00012286521685710776,2.1487847739405163e-05,0.0006892692497084883
2022-05-07,5694,0,0,0
2022-05-08,4878,0,0,0
2022-05-09,10930,9.149130832570906e-05,1.5990759125628373e-05,0.0005130035171302222
2022-05-10,9178,0,0,0
2022-05-11,8241,0,0,0
2022-05-12,8402,0,0,0
2022-05-13,7798,0,0,0
2022-05-14,5684,0,0,0
2022-05-15,4515,0,0,0
2022-05-16,9730,0,0,0
2022-05-17,8607,0,0,0
2022-05-18,8127,0,0,0
2022-05-19,7070,0,0,0
2022-05-20,6804,0,0,0
2022-05-21,4991,0,0,0
2022-05-22,4996,0,0,0
2022-05-23,9075,0,0,0
2022-05-24,8785,0,0,0
2022-05-25,7863,0,0,0
2022-05-26,5711,0,0,0
2022-05-27,6745,0,0,0
2022-05-28,4485,0,0,0
2022-05-29,4593,0,0,0
2022-05-30,5260,0.00019011406844106463,3.284779917607965e-05,0.0010533872435220912
2022-05-31,10495,0,0,0
2022-06-01,7790,0,0,0
2022-06-02,7347,0,0,0
2022-06-03,6537,0,0,0
2022-06-04,4837,0,0,0
2022-06-05,4822,0,0,0
2022-06-06,8752,0,0,0
2022-06-07,9418,0,0,0
2022-06-08,8538,0,0,0
2022-06-09,8076,0,0,0
2022-06-10,6986,0,0,0
2022-06-11,5227,0.0001913143294432753,3.2744214426563626e-05,0.0010500679296779082
2022-06-12,4616,0,0,0
2022-06-13,9706,0,0,0
2022-06-14,7832,0,0,0
2022-06-15,9469,0,0,0
2022-06-16,7369,0,0,0
2022-06-17,7498,0,0,0
2022-06-18,5094,0,0,0
2022-06-19,4034,0,0,0
2022-06-20,9520,0,0,0
2022-06-21,9397,0,0,0
2022-06-22,8762,0,0,0
2022-06-23,8568,0,0,0
2022-06-24,8122,0,0,0
2022-06-25,5569,0,0,0
2022-06-26,5569,0,0,0
2022-06-27,12020,0,0,0
2022-06-28,10114,0.00019774569903104609,5.285508042317708e-05,0.0007025364670212999
2022-06-29,9594,0,0,0
2022-06-30,9257,0.00010802635843145727,1.8476271413438268e-05,0.0005927077431866781
2022-07-01,8733,0,0,0
2022-07-02,5969,0,0,0
2022-07-03,5465,0,0,0
2022-07-04,7046,0,0,0
2022-07-05,12939,7.728572532653218e-05,1.3284290758035396e-05,0.00042620334201664347
2022-07-06,10476,0,0,0
2022-07-07,8687,0,0,0
2022-07-08,9254,0,0,0
2022-07-09,5682,0,0,0
2022-07-10,6437,0,0,0
2022-07-11,11682,0,0,0
2022-07-12,10013,9.987016878058524e-05,1.7178098159666244e-05,0.0005510796851120137
2022-07-13,9240,0,0,0
2022-07-14,8976,0,0,0
2022-07-15,8149,0,0,0
2022-07-16,6426,0,0,0
2022-07-17,5590,0,0,0
2022-07-18,11031,0,0,0
2022-07-19,9489,0,0,0
2022-07-20,8069,0,0,0
2022-07-21,7988,0,0,0
2022-07-22,8155,0,0,0
2022-07-23,5256,0,0,0
2022-07-24,5432,0,0,0
2022-07-25,10763,0,0,0
2022-07-26,7802,0,0,0
2022-07-27,7363,0,0,0
2022-07-28,6487,0.00015415446277169725,2.633889414406361e-05,0.0008447821893005558
2022-07-29,6606,0,0,0
2022-07-30,5026,0,0,0
2022-07-31,4862,0,0,0
2022-08-01,9607,0,0,0
2022-08-02,7820,0,0,0
2022-08-03,6420,0,0,0
2022-08-04,5643,0,0,0
2022-08-05,5458,0,0,0
2022-08-06,3493,0,0,0
2022-08-07,3449,0,0,0
2022-08-08,7700,0.00012987012987012987,2.2370140437355044e-05,0.0007175560412354983
2022-08-09,5873,0,0,0
2022-08-10,5659,0.00017670966601873123,3.0346185951575878e-05,0.000973220033751087
2022-08-11,6067,0,0,0
2022-08-12,5966,0,0,0
2022-08-13,4269,0,0,0
2022-08-14,4038,0,0,0
2022-08-15,7353,0,0,0
2022-08-16,5871,0,0,0
2022-08-17,5774,0,0,0
2022-08-18,5532,0.00018076644974692697,3.1165936611257434e-05,0.0009994909540117973
2022-08-19,5094,0,0,0
2022-08-20,3640,0,0,0
2022-08-21,3738,0,0,0
2022-08-22,7612,0,0,0
2022-08-23,5156,0,0,0
2022-08-24,4541,0,0,0
2022-08-25,4459,0,0,0
2022-08-26,5074,0,0,0
2022-08-27,4488,0,0,0
2022-08-28,3788,0,0,0
2022-08-29,6975,0,0,0
2022-08-30,5252,0.0001904036557501904,3.297666517739305e-05,0.0010575166583511578
2022-08-31,4667,0.00021427040925648167,3.69762427467491e-05,0.0011856678901186015
2022-09-01,4114,0,0,0
2022-09-02,3829,0,0,0
2022-09-03,3458,0,0,0
2022-09-04,3616,0,0,0
2022-09-05,4087,0,0,0
2022-09-06,7280,0,0,0
2022-09-07,4937,0.00020255215718047398,3.472153900211228e-05,0.0011134274128048781
2022-09-08,4137,0,0,0
2022-09-09,3782,0.00026441036488630354,4.525137281149716e-05,0.0014507376066134297
2022-09-10,3746,0,0,0
2022-09-11,3152,0,0,0
2022-09-12,6968,0,0,0
2022-09-13,6140,0,0,0
2022-09-14,4876,0,0,0
2022-09-15,4748,0,0,0
2022-09-16,4961,0,0,0
2022-09-17,3264,0,0,0
2022-09-18,2955,0,0,0
2022-09-19,6291,0.00015895724050230488,2.7153263986146645e-05,0.0008708855137759437
2022-09-20,5276,0.00018953752843062926,3.228900745006428e-05,0.0010354808947163595
2022-09-21,5162,0,0,0
2022-09-22,4576,0.00021853146853146853,3.727293486732992e-05,0.00119517331396934
2022-09-23,4337,0,0,0
2022-09-24,2996,0,0,0
2022-09-25,2763,0,0,0
2022-09-26,6352,0,0,0
2022-09-27,4837,0,0,0
2022-09-28,4413,0,0,0
2022-09-29,4211,0.00023747328425552126,4.013755649829267e-05,0.001286943363451212
2022-09-30,3716,0,0,0
2022-10-01,3363,0,0,0
2022-10-02,3057,0,0,0
2022-10-03,5693,0,0,0
2022-10-04,5548,0,0,0
2022-10-05,4873,0.00020521239482864764,3.476941307897271e-05,0.0011149613716792057
2022-10-06,4296,0,0,0
2022-10-07,4520,0,0,0
2022-10-08,3051,0,0,0
2022-10-09,2758,0,0,0
2022-10-10,6349,0.00015750511891636477,2.629965192266064e-05,0.000843524317719506
2022-10-11,5187,0,0,0
2022-10-12,4477,0,0,0
2022-10-13,4528,0,0,0
2022-10-14,4679,0,0,0
2022-10-15,3048,0,0,0
2022-10-16,2599,0,0,0
2022-10-17,6378,0.00015678896205707118,2.6831331417718113e-05,0.0008605665971607242
2022-10-18,4341,0,0,0
2022-10-19,4287,0,0,0
2022-10-20,3862,0,0,0
2022-10-21,3700,0,0,0
2022-10-22,2325,0,0,0
2022-10-23,2561,0,0,0
2022-10-24,5535,0,0,0
2022-10-25,3616,0.0002765486725663717,4.686111076088905e-05,0.00150228908425128
2022-10-26,4492,0,0,0
2022-10-27,3923,0,0,0
2022-10-28,3707,0,0,0
2022-10-29,2572,0.00038880248833592535,6.753188919320082e-05,0.0021639247428658203
2022-10-30,2403,0,0,0
2022-10-31,4627,0,0,0
2022-11-01,4265,0,0,0
2022-11-02,3641,0,0,0
2022-11-03,4067,0,0,0
2022-11-04,3745,0,0,0
2022-11-05,2336,0,0,0
2022-11-06,2550,0,0,0
2022-11-07,4905,0.00020387359836901122,3.4443759993177964e-05,0.0011045268800827413
2022-11-08,4243,0,0,0
2022-11-09,4015,0,0,0
2022-11-10,3706,0,0,0
2022-11-11,3331,0,0,0
2022-11-12,2468,0,0,0
2022-11-13,2258,0,0,0
2022-11-14,5146,0,0,0
2022-11-15,4088,0,0,0
2022-11-16,4156,0.00024061597690086623,4.168244731149995e-05,0.0013364299124426367
2022-11-17,4300,0,0,0
2022-11-18,3448,0,0,0
2022-11-19,2325,0,0,0
2022-11-20,2347,0,0,0
2022-11-21,5312,0.00018825301204819278,3.129856052354113e-05,0.0010037411188324494
2022-11-22,4555,0,0,0
2022-11-23,4289,0,0,0
2022-11-24,2688,0,0,0
2022-11-25,4234,0,0,0
2022-11-26,3402,0,0,0
2022-11-27,3700,0,0,0
2022-11-28,7023,0,0,0
2022-11-29,5435,0,0,0
2022-11-30,5103,0,0,0
2022-12-01,4714,0,0,0
2022-12-02,4920,0,0,0
2022-12-03,2872,0,0,0
2022-12-04,2546,0,0,0
2022-12-05,6699,0.00014927601134497685,2.551650288264139e-05,0.0008184207521969893
2022-12-06,5401,0,0,0
2022-12-07,5268,0,0,0
2022-12-08,5174,0,0,0
2022-12-09,4545,0,0,0
2022-12-10,3110,0.0003215434083601286,5.56165362512495e-05,0.0017826122791812125
2022-12-11,3037,0,0,0
2022-12-12,6889,0.00014515894904920887,2.4740444436653333e-05,0.00079354357520037
2022-12-13,4880,0,0,0
2022-12-14,4834,0,0,0
2022-12-15,4998,0,0,0
2022-12-16,4894,0,0,0
2022-12-17,3375,0,0,0
2022-12-18,3414,0,0,0
2022-12-19,7567,0,0,0
2022-12-20,5166,0,0,0
2022-12-21,5037,0,0,0
2022-12-22,4571,0,0,0
2022-12-23,4372,0,0,0
2022-12-24,2051,0,0,0
2022-12-25,1272,0,0,0
2022-12-26,4135,0,0,0
2022-12-27,5141,0.00019451468585878233,3.2860028719899696e-05,0.001053779131183919
2022-12-28,5547,0,0,0
2022-12-29,4929,0,0,0
2022-12-30,4504,0,0,0
2022-12-31,2658,0,0,0
2023-01-01,1498,0,0,0
2023-01-02,5285,0,0,0
2023-01-03,5415,0,0,0
2023-01-04,4494,0.00022251891410769915,3.788896665537653e-05,0.0012149093269859942
2023-01-05,3855,0,0,0
2023-01-06,3868,0,0,0
2023-01-07,2328,0,0,0
2023-01-08,2214,0,0,0
2023-01-09,4888,0,0,0
2023-01-10,3523,0,0,0
2023-01-11,3050,0,0,0
2023-01-12,2820,0,0,0
2023-01-13,2822,0,0,0
2023-01-14,1677,0,0,0
2023-01-15,1716,0,0,0
2023-01-16,3539,0,0,0
2023-01-17,3361,0,0,0
2023-01-18,2847,0,0,0
2023-01-19,2192,0,0,0
2023-01-20,2514,0,0,0
2023-01-21,1690,0,0,0
2023-01-22,1843,0,0,0
2023-01-23,4314,0,0,0
2023-01-24,3089,0,0,0
2023-01-25,2942,0,0,0
2023-01-26,2697,0,0,0
2023-01-27,2865,0,0,0
2023-01-28,1761,0,0,0
2023-01-29,1579,0,0,0
2023-01-30,4018,0,0,0
2023-01-31,3014,0,0,0
2023-02-01,2876,0.0003477051460361613,5.833682160747193e-05,0.0018696847620951217
2023-02-02,2833,0,0,0
2023-02-03,2843,0,0,0
2023-02-04,1733,0,0,0
2023-02-05,1898,0,0,0
2023-02-06,3863,0,0,0
2023-02-07,3270,0,0,0
2023-02-08,3596,0.0005561735261401557,0.00014580175668933067,0.0019364950664165586
2023-02-09,3028,0,0,0
2023-02-10,2866,0,0,0
2023-02-11,1779,0,0,0
2023-02-12,1807,0,0,0
2023-02-13,3793,0,0,0
2023-02-14,3156,0,0,0
2023-02-15,3128,0,0,0
2023-02-16,3399,0,0,0
2023-02-17,2892,0,0,0
2023-02-18,1745,0,0,0
2023-02-19,1679,0,0,0
2023-02-20,3606,0,0,0
2023-02-21,3386,0,0,0
2023-02-22,2887,0,0,0
2023-02-23,3618,0,0,0
2023-02-24,2532,0,0,0
2023-02-25,1622,0,0,0
2023-02-26,1521,0,0,0
2023-02-27,3430,0,0,0
2023-02-28,3305,0,0,0
2023-03-01,2964,0,0,0
2023-03-02,3440,0,0,0
2023-03-03,2495,0,0,0
2023-03-04,1564,0,0,0
2023-03-05,1502,0,0,0
2023-03-06,3227,0,0,0
2023-03-07,2857,0,0,0
2023-03-08,3234,0,0,0
2023-03-09,2295,0,0,0
2023-03-10,2281,0,0,0
2023-03-11,1268,0,0,0
2023-03-12,1261,0,0,0
2023-03-13,3063,0,0,0
2023-03-14,2752,0,0,0
2023-03-15,3095,0,0,0
2023-03-16,2177,0,0,0
2023-03-17,1882,0,0,0
2023-03-18,1145,0,0,0
2023-03-19,1125,0,0,0
2023-03-20,2773,0,0,0
2023-03-21,2317,0,0,0
2023-03-22,2779,0,0,0
2023-03-23,2041,0,0,0
2023-03-24,1922,0,0,0
2023-03-25,1159,0,0,0
2023-03-26,1225,0,0,0
2023-03-27,2326,0,0,0
2023-03-28,1780,0,0,0
2023-03-29,2409,0,0,0
2023-03-30,1669,0,0,0
2023-03-31,1349,0,0,0
2023-04-01,977,0,0,0
2023-04-02,871,0,0,0
2023-04-03,1825,0,0,0
2023-04-04,1456,0,0,0
2023-04-05,1439,0,0,0
2023-04-06,1830,0,0,0
2023-04-07,991,0,0,0
2023-04-08,779,0,0,0
2023-04-09,596,0,0,0
2023-04-10,1455,0,0,0
2023-04-11,1567,0,0,0
2023-04-12,2007,0,0,0
2023-04-13,1249,0,0,0
2023-04-14,1173,0,0,0
2023-04-15,714,0,0,0
2023-04-16,728,0,0,0
2023-04-17,1605,0,0,0
2023-04-18,1096,0,0,0
2023-04-19,1659,0,0,0
2023-04-20,1046,0,0,0
2023-04-21,968,0,0,0
2023-04-22,615,0,0,0
2023-04-23,654,0,0,0
2023-04-24,1378,0,0,0
2023-04-25,1145,0,0,0
2023-04-26,1285,0,0,0
2023-04-27,938,0,0,0
2023-04-28,809,0,0,0
2023-04-29,549,0,0,0
2023-04-30,623,0,0,0
2023-05-01,1182,0,0,0
2023-05-02,1099,0,0,0
2023-05-03,1123,0,0,0
2023-05-04,940,0,0,0
2023-05-05,801,0,0,0
2023-05-06,457,0,0,0
2023-05-07,476,0,0,0
2023-05-08,977,0,0,0
2023-05-09,914,0,0,0
2023-05-10,984,0,0,0
2023-05-11,914,0,0,0
2023-05-12,578,0,0,0
2023-05-13,361,0,0,0
2023-05-14,444,0,0,0
2023-05-15,919,0,0,0
2023-05-16,766,0,0,0
2023-05-17,776,0,0,0
2023-05-18,649,0,0,0
2023-05-19,590,0,0,0
2023-05-20,416,0,0,0
2023-05-21,419,0,0,0
2023-05-22,896,0,0,0
2023-05-23,684,0,0,0
2023-05-24,599,0,0,0
2023-05-25,513,0,0,0
2023-05-26,531,0,0,0
2023-05-27,316,0,0,0
2023-05-28,355,0,0,0
2023-05-29,557,0,0,0
2023-05-30,610,0,0,0
2023-05-31,640,0,0,0
2023-06-01,494,0,0,0
2023-06-02,580,0,0,0
2023-06-03,275,0,0,0
2023-06-04,319,0,0,0
2023-06-05,624,0,0,0
2023-06-06,508,0,0,0
2023-06-07,455,0,0,0
2023-06-08,401,0,0,0
2023-06-09,365,0,0,0
2023-06-10,279,0,0,0
2023-06-11,265,0,0,0
2023-06-12,544,0,0,0
2023-06-13,397,0,0,0
2023-06-14,331,0,0,0
2023-06-15,309,0,0,0
2023-06-16,291,0,0,0
2023-06-17,187,0,0,0
2023-06-18,183,0,0,0
2023-06-19,404,0,0,0
2023-06-20,359,0,0,0
2023-06-21,385,0,0,0
2023-06-22,368,0,0,0
2023-06-23,320,0,0,0
2023-06-24,194,0,0,0
2023-06-25,198,0,0,0
2023-06-26,493,0,0,0
2023-06-27,401,0,0,0
2023-06-28,376,0,0,0
2023-06-29,344,0,0,0
2023-06-30,302,0,0,0
2023-07-01,165,0,0,0
2023-07-02,181,0,0,0
2023-07-03,495,0,0,0
2023-07-04,239,0,0,0
2023-07-05,430,0,0,0
2023-07-06,397,0,0,0
2023-07-07,408,0,0,0
2023-07-08,245,0,0,0
2023-07-09,217,0,0,0
2023-07-10,554,0,0,0
2023-07-11,468,0,0,0
2023-07-12,433,0,0,0
2023-07-13,403,0,0,0
2023-07-14,412,0,0,0
2023-07-15,231,0,0,0
2023-07-16,264,0,0,0
2023-07-17,626,0,0,0
2023-07-18,570,0,0,0
2023-07-19,501,0,0,0
2023-07-20,448,0,0,0
2023-07-21,425,0,0,0
2023-07-22,351,0,0,0
2023-07-23,295,0,0,0
2023-07-24,741,0,0,0
2023-07-25,709,0,0,0
2023-07-26,652,0,0,0
2023-07-27,608,0,0,0
2023-07-28,627,0,0,0
2023-07-29,424,0,0,0
2023-07-30,534,0,0,0
2023-07-31,939,0,0,0
2023-08-01,810,0,0,0
2023-08-02,795,0,0,0
2023-08-03,818,0,0,0
2023-08-04,704,0,0,0
2023-08-05,455,0,0,0
2023-08-06,426,0,0,0
2023-08-07,1201,0,0,0
2023-08-08,1073,0,0,0
2023-08-09,1040,0,0,0
2023-08-10,858,0,0,0
2023-08-11,810,0,0,0
2023-08-12,548,0,0,0
2023-08-13,519,0,0,0
2023-08-14,1213,0,0,0
2023-08-15,974,0,0,0
2023-08-16,1139,0,0,0
2023-08-17,1111,0,0,0
2023-08-18,1040,0,0,0
2023-08-19,656,0,0,0
2023-08-20,600,0,0,0
2023-08-21,1844,0,0,0
2023-08-22,1447,0,0,0
2023-08-23,1459,0,0,0
2023-08-24,1388,0,0,0
2023-08-25,1218,0,0,0
2023-08-26,765,0,0,0
2023-08-27,802,0,0,0
2023-08-28,1836,0,0,0
2023-08-29,1450,0,0,0
2023-08-30,1484,0,0,0
2023-08-31,1112,0,0,0
2023-09-01,1060,0,0,0
2023-09-02,624,0,0,0
2023-09-03,689,0,0,0
2023-09-04,1325,0,0,0
2023-09-05,1641,0,0,0
2023-09-06,1608,0,0,0
2023-09-07,1358,0,0,0
2023-09-08,1313,0,0,0
2023-09-09,870,0,0,0
2023-09-10,822,0,0,0
2023-09-11,1823,0,0,0
2023-09-12,1413,0,0,0
2023-09-13,1355,0,0,0
2023-09-14,1129,0,0,0
2023-09-15,992,0,0,0
2023-09-16,674,0,0,0
2023-09-17,716,0,0,0
2023-09-18,1685,0,0,0
2023-09-19,1496,0,0,0
2023-09-20,1563,0,0,0
2023-09-21,1361,0,0,0
2023-09-22,1137,0,0,0
2023-09-23,755,0,0,0
2023-09-24,786,0,0,0
2023-09-25,1761,0,0,0
2023-09-26,1519,0,0,0
2023-09-27,1367,0,0,0
2023-09-28,1192,0,0,0
2023-09-29,1101,0,0,0
2023-09-30,714,0,0,0
2023-10-01,808,0,0,0
2023-10-02,1713,0,0,0
2023-10-03,1477,0,0,0
2023-10-04,1252,0,0,0
2023-10-05,1185,0,0,0
2023-10-06,1108,0,0,0
2023-10-07,675,0,0,0
2023-10-08,712,0,0,0
2023-10-09,1558,0,0,0
2023-10-10,1374,0,0,0
2023-10-11,1158,0,0,0
2023-10-12,1010,0,0,0
2023-10-13,951,0,0,0
2023-10-14,549,0,0,0
2023-10-15,523,0,0,0
2023-10-16,1443,0,0,0
2023-10-17,1094,0,0,0
2023-10-18,1050,0,0,0
2023-10-19,984,0,0,0
2023-10-20,870,0,0,0
2023-10-21,572,0,0,0
2023-10-22,535,0,0,0
2023-10-23,1727,0,0,0
2023-10-24,1143,0,0,0
2023-10-25,1020,0,0,0
2023-10-26,939,0,0,0
2023-10-27,892,0,0,0
2023-10-28,503,0,0,0
2023-10-29,543,0,0,0
2023-10-30,1748,0,0,0
2023-10-31,943,0,0,0
2023-11-01,980,0,0,0
2023-11-02,900,0,0,0
2023-11-03,784,0,0,0
2023-11-04,580,0,0,0
2023-11-05,625,0,0,0
2023-11-06,1831,0,0,0
2023-11-07,1093,0,0,0
2023-11-08,1111,0,0,0
2023-11-09,1019,0,0,0
2023-11-10,859,0,0,0
2023-11-11,573,0,0,0
2023-11-12,633,0,0,0
2023-11-13,1806,0,0,0
2023-11-14,1119,0,0,0
2023-11-15,1025,0,0,0
2023-11-16,832,0,0,0
2023-11-17,820,0,0,0
2023-11-18,582,0,0,0
2023-11-19,633,0,0,0
2023-11-20,2035,0,0,0
2023-11-21,1063,0,0,0
2023-11-22,784,0,0,0
2023-11-23,504,0,0,0
2023-11-24,782,0,0,0
2023-11-25,613,0,0,0
2023-11-26,784,0,0,0
2023-11-27,2690,0,0,0
2023-11-28,1374,0,0,0
2023-11-29,1268,0,0,0
2023-11-30,1027,0,0,0
2023-12-01,1071,0,0,0
2023-12-02,704,0,0,0
2023-12-03,702,0,0,0
2023-12-04,3067,0,0,0
2023-12-05,1419,0,0,0
2023-12-06,1399,0,0,0
2023-12-07,1228,0,0,0
2023-12-08,1023,0,0,0
2023-12-09,678,0,0,0
2023-12-10,828,0,0,0
2023-12-11,2694,0,0,0
2023-12-12,1517,0,0,0
2023-12-13,1557,0,0,0
2023-12-14,1325,0,0,0
2023-12-15,1138,0,0,0
2023-12-16,770,0,0,0
2023-12-17,877,0,0,0
2023-12-18,2547,0,0,0
2023-12-19,1604,0,0,0
2023-12-20,1485,0,0,0
2023-12-21,1264,0,0,0
2023-12-22,1121,0,0,0
2023-12-23,727,0,0,0
2023-12-24,701,0,0,0
2023-12-25,1065,0,0,0
2023-12-26,1578,0,0,0
2023-12-27,1621,0,0,0
2023-12-28,1501,0,0,0
2023-12-29,1329,0,0,0
2023-12-30,785,0,0,0
2023-12-31,812,0,0,0
2024-01-01,1178,0,0,0
2024-01-02,1964,0,0,0
2024-01-03,1673,0,0,0
2024-01-04,1494,0,0,0
2024-01-05,1096,0,0,0
2024-01-06,715,0,0,0
2024-01-07,685,0,0,0
2024-01-08,1770,0,0,0
2024-01-09,1232,0,0,0
2024-01-10,1282,0,0,0
2024-01-11,1307,0,0,0
2024-01-12,961,0,0,0
2024-01-13,648,0,0,0
2024-01-14,658,0,0,0
2024-01-15,1104,0,0,0
2024-01-16,1135,0,0,0
2024-01-17,1142,0,0,0
2024-01-18,1003,0,0,0
2024-01-19,728,0,0,0
2024-01-20,549,0,0,0
2024-01-21,641,0,0,0
2024-01-22,1326,0,0,0
2024-01-23,1193,0,0,0
2024-01-24,1131,0,0,0
2024-01-25,977,0,0,0
2024-01-26,754,0,0,0
2024-01-27,487,0,0,0
2024-01-28,451,0,0,0
2024-01-29,1225,0,0,0
2024-01-30,1076,0,0,0
2024-01-31,1034,0,0,0
2024-02-01,935,0,0,0
2024-02-02,798,0,0,0
2024-02-03,502,0,0,0
2024-02-04,463,0,0,0
2024-02-05,1148,0,0,0
2024-02-06,1176,0,0,0
2024-02-07,986,0,0,0
2024-02-08,853,0,0,0
2024-02-09,744,0,0,0
2024-02-10,450,0,0,0
2024-02-11,408,0,0,0
2024-02-12,998,0,0,0
2024-02-13,691,0,0,0
2024-02-14,761,0,0,0
2024-02-15,682,0,0,0
2024-02-16,562,0,0,0
2024-02-17,350,0,0,0
2024-02-18,379,0,0,0
2024-02-19,660,0,0,0
2024-02-20,767,0,0,0
2024-02-21,732,0,0,0
2024-02-22,687,0,0,0
2024-02-23,540,0,0,0
2024-02-24,263,0,0,0
2024-02-25,319,0,0,0
2024-02-26,663,0,0,0
2024-02-27,620,0,0,0
2024-02-28,562,0,0,0
2024-02-29,366,0,0,0
2024-03-01,332,0,0,0
2024-03-02,214,0,0,0
2024-03-03,195,0,0,0
2024-03-04,504,0,0,0
2024-03-05,439,0,0,0
2024-03-06,481,0,0,0
2024-03-07,396,0,0,0
2024-03-08,342,0,0,0
2024-03-09,207,0,0,0
2024-03-10,208,0,0,0
2024-03-11,398,0,0,0
2024-03-12,342,0,0,0
2024-03-13,383,0,0,0
2024-03-14,362,0,0,0
2024-03-15,267,0,0,0
2024-03-16,160,0,0,0
2024-03-17,166,0,0,0
2024-03-18,339,0,0,0
2024-03-19,278,0,0,0
2024-03-20,298,0,0,0
2024-03-21,285,0,0,0
2024-03-22,272,0,0,0
2024-03-23,167,0,0,0
2024-03-24,236,0,0,0
2024-03-25,328,0,0,0
2024-03-26,294,0,0,0
2024-03-27,298,0,0,0
2024-03-28,244,0,0,0
2024-03-29,173,0,0,0
2024-03-30,120,0,0,0
2024-03-31,131,0,0,0
2024-04-01,261,0,0,0
2024-04-02,309,0,0,0
2024-04-03,314,0,0,0
2024-04-04,254,0,0,0
2024-04-05,227,0,0,0
2024-04-06,160,0,0,0
2024-04-07,164,0,0,0
2024-04-08,292,0,0,0
2024-04-09,234,0,0,0
2024-04-10,237,0,0,0
2024-04-11,220,0,0,0
2024-04-12,224,0,0,0
2024-04-13,121,0,0,0
2024-04-14,107,0,0,0
2024-04-15,258,0,0,0
2024-04-16,225,0,0,0
2024-04-17,263,0,0,0
2024-04-18,242,0,0,0
2024-04-19,216,0,0,0
2024-04-20,124,0,0,0
2024-04-21,149,0,0,0
2024-04-22,283,0,0,0
2024-04-23,265,0,0,0
2024-04-24,294,0,0,0
2024-04-25,255,0,0,0
2024-04-26,238,0,0,0
2024-04-27,149,0,0,0
2024-04-28,158,0,0,0
2024-04-29,347,0,0,0
2024-04-30,350,0,0,0
2024-05-01,323,0,0,0
2024-05-02,314,0,0,0
2024-05-03,309,0,0,0
2024-05-04,170,0,0,0
2024-05-05,182,0,0,0
2024-05-06,314,0,0,0
2024-05-07,345,0,0,0
2024-05-08,344,0,0,0
2024-05-09,373,0,0,0
2024-05-10,301,0,0,0
2024-05-11,225,0,0,0
2024-05-12,181,0,0,0
2024-05-13,386,0,0,0
2024-05-14,369,0,0,0
2024-05-15,315,0,0,0
2024-05-16,335,0,0,0
2024-05-17,269,0,0,0
2024-05-18,157,0,0,0
2024-05-19,204,0,0,0
2024-05-20,383,0,0,0
2024-05-21,343,0,0,0
2024-05-22,346,0,0,0
2024-05-23,308,0,0,0
2024-05-24,318,0,0,0
2024-05-25,190,0,0,0
2024-05-26,214,0,0,0
2024-05-27,230,0,0,0
2024-05-28,412,0,0,0
2024-05-29,363,0,0,0
2024-05-30,423,0,0,0
2024-05-31,446,0,0,0
2024-06-01,239,0,0,0
2024-06-02,280,0,0,0
2024-06-03,468,0,0,0
2024-06-04,468,0,0,0
2024-06-05,498,0,0,0
2024-06-06,437,0,0,0
2024-06-07,416,0,0,0
2024-06-08,257,0,0,0
2024-06-09,316,0,0,0
2024-06-10,688,0,0,0
2024-06-11,577,0,0,0
2024-06-12,631,0,0,0
2024-06-13,626,0,0,0
2024-06-14,634,0,0,0
2024-06-15,352,0,0,0
2024-06-16,438,0,0,0
2024-06-17,806,0,0,0
2024-06-18,731,0,0,0
2024-06-19,748,0,0,0
2024-06-20,796,0,0,0
2024-06-21,661,0,0,0
2024-06-22,424,0,0,0
2024-06-23,392,0,0,0
2024-06-24,904,0,0,0
2024-06-25,824,0,0,0
2024-06-26,853,0,0,0
2024-06-27,788,0,0,0
2024-06-28,715,0,0,0
2024-06-29,389,0,0,0
2024-06-30,405,0,0,0
2024-07-01,1084,0,0,0
2024-07-02,749,0,0,0
2024-07-03,728,0,0,0
2024-07-04,437,0,0,0
2024-07-05,708,0,0,0
2024-07-06,440,0,0,0
2024-07-07,478,0,0,0
2024-07-08,1162,0,0,0
2024-07-09,927,0,0,0
2024-07-10,849,0,0,0
2024-07-11,722,0,0,0
2024-07-12,746,0,0,0
2024-07-13,408,0,0,0
2024-07-14,471,0,0,0
2024-07-15,1134,0,0,0
2024-07-16,796,0,0,0
2024-07-17,710,0,0,0
2024-07-18,729,0,0,0
2024-07-19,532,0,0,0
2024-07-20,457,0,0,0
2024-07-21,517,0,0,0
2024-07-22,1155,0,0,0
2024-07-23,901,0,0,0
2024-07-24,872,0,0,0
2024-07-25,728,0,0,0
2024-07-26,679,0,0,0
2024-07-27,462,0,0,0
2024-07-28,561,0,0,0
2024-07-29,1219,0,0,0
2024-07-30,788,0,0,0
2024-07-31,825,0,0,0
2024-08-01,742,0,0,0
2024-08-02,676,0,0,0
2024-08-03,414,0,0,0
2024-08-04,494,0,0,0
2024-08-05,1199,0,0,0
2024-08-06,897,0,0,0
2024-08-07,809,0,0,0
2024-08-08,738,0,0,0
2024-08-09,714,0,0,0
2024-08-10,448,0,0,0
2024-08-11,423,0,0,0
2024-08-12,1008,0,0,0
2024-08-13,793,0,0,0
2024-08-14,741,0,0,0
2024-08-15,717,0,0,0
2024-08-16,649,0,0,0
2024-08-17,400,0,0,0
2024-08-18,486,0,0,0
2024-08-19,1196,0,0,0
2024-08-20,825,0,0,0
2024-08-21,687,0,0,0
2024-08-22,557,0,0,0
2024-08-23,586,0,0,0
2024-08-24,382,0,0,0
2024-08-25,364,0,0,0
2024-08-26,1112,0,0,0
2024-08-27,772,0,0,0
2024-08-28,661,0,0,0
2024-08-29,650,0,0,0
2024-08-30,512,0,0,0
2024-08-31,301,0,0,0
2024-09-01,316,0,0,0
2024-09-02,785,0,0,0
2024-09-03,773,0,0,0
2024-09-04,691,0,0,0
2024-09-05,606,0,0,0
2024-09-06,524,0,0,0
2024-09-07,286,0,0,0
2024-09-08,365,0,0,0
2024-09-09,911,0,0,0
2024-09-10,650,0,0,0
2024-09-11,616,0,0,0
2024-09-12,641,0,0,0
2024-09-13,509,0,0,0
2024-09-14,344,0,0,0
2024-09-15,365,0,0,0
2024-09-16,847,0,0,0
2024-09-17,697,0,0,0
2024-09-18,669,0,0,0
2024-09-19,525,0,0,0
2024-09-20,394,0,0,0
2024-09-21,238,0,0,0
2024-09-22,345,0,0,0
2024-09-23,733,0,0,0
2024-09-24,515,0,0,0
2024-09-25,454,0,0,0
2024-09-26,413,0,0,0
2024-09-27,346,0,0,0
2024-09-28,232,0,0,0
2024-09-29,237,0,0,0
2024-09-30,779,0,0,0
2024-10-01,440,0,0,0
2024-10-02,389,0,0,0
2024-10-03,336,0,0,0
2024-10-04,288,0,0,0
2024-10-05,194,0,0,0
2024-10-06,216,0,0,0
2024-10-07,722,0,0,0
2024-10-08,436,0,0,0
2024-10-09,344,0,0,0
2024-10-10,319,0,0,0
2024-10-11,281,0,0,0
2024-10-12,142,0,0,0
2024-10-13,183,0,0,0
2024-10-14,565,0,0,0
2024-10-15,342,0,0,0
2024-10-16,330,0,0,0
2024-10-17,252,0,0,0
2024-10-18,201,0,0,0
2024-10-19,144,0,0,0
2024-10-20,169,0,0,0
2024-10-21,469,0,0,0
2024-10-22,325,0,0,0
2024-10-23,279,0,0,0
2024-10-24,249,0,0,0
2024-10-25,229,0,0,0
2024-10-26,131,0,0,0
2024-10-27,167,0,0,0
2024-10-28,507,0,0,0
2024-10-29,290,0,0,0
2024-10-30,284,0,0,0
2024-10-31,237,0,0,0
2024-11-01,245,0.004081632653061225,0.0007150137688097522,0.022572989496996237
2024-11-02,117,0,0,0
2024-11-03,141,0,0,0
2024-11-04,459,0,0,0
2024-11-05,282,0,0,0
2024-11-06,306,0,0,0
2024-11-07,231,0,0,0
2024-11-08,190,0,0,0
2024-11-09,104,0,0,0
2024-11-10,116,0,0,0
2024-11-11,344,0,0,0
2024-11-12,241,0,0,0
2024-11-13,246,0,0,0
2024-11-14,243,0,0,0
2024-11-15,203,0,0,0
2024-11-16,117,0,0,0
2024-11-17,142,0,0,0
2024-11-18,406,0,0,0
2024-11-19,244,0,0,0
2024-11-20,231,0,0,0
2024-11-21,213,0,0,0
2024-11-22,219,0,0,0
2024-11-23,111,0,0,0
2024-11-24,140,0,0,0
2024-11-25,451,0,0,0
2024-11-26,287,0,0,0
2024-11-27,224,0,0,0
2024-11-28,148,0,0,0
2024-11-29,159,0,0,0
2024-11-30,140,0,0,0
2024-12-01,173,0,0,0
2024-12-02,490,0,0,0
2024-12-03,341,0,0,0
2024-12-04,266,0,0,0
2024-12-05,259,0,0,0
2024-12-06,207,0,0,0
2024-12-07,176,0,0,0
2024-12-08,163,0,0,0
2024-12-09,475,0,0,0
2024-12-10,345,0,0,0
2024-12-11,296,0,0,0
2024-12-12,266,0,0,0
2024-12-13,271,0,0,0
2024-12-14,148,0,0,0
2024-12-15,166,0,0,0
2024-12-16,474,0,0,0
2024-12-17,312,0,0,0
2024-12-18,330,0,0,0
2024-12-19,282,0,0,0
2024-12-20,278,0,0,0
2024-12-21,143,0,0,0
2024-12-22,169,0,0,0
2024-12-23,413,0,0,0
2024-12-24,297,0,0,0
2024-12-25,159,0,0,0
2024-12-26,358,0,0,0
2024-12-27,344,0,0,0
2024-12-28,263,0,0,0
2024-12-29,278,0,0,0
2024-12-30,496,0,0,0
2024-12-31,332,0,0,0
2025-01-01,217,0,0,0
2025-01-02,378,0,0,0
2025-01-03,313,0,0,0
2025-01-04,214,0,0,0
2025-01-05,234,0,0,0
2025-01-06,428,0,0,0
2025-01-07,386,0,0,0
2025-01-08,294,0,0,0
2025-01-09,285,0,0,0
2025-01-10,216,0,0,0
2025-01-11,134,0,0,0
2025-01-12,181,0,0,0
2025-01-13,389,0,0,0
2025-01-14,302,0,0,0
2025-01-15,283,0,0,0
2025-01-16,282,0,0,0
2025-01-17,247,0,0,0
2025-01-18,142,0,0,0
2025-01-19,139,0,0,0
2025-01-20,332,0,0,0
2025-01-21,345,0,0,0
2025-01-22,294,0,0,0
2025-01-23,317,0,0,0
2025-01-24,219,0,0,0
2025-01-25,133,0,0,0
2025-01-26,155,0,0,0
2025-01-27,336,0,0,0
2025-01-28,251,0,0,0
2025-01-29,229,0,0,0
2025-01-30,220,0,0,0
2025-01-31,214,0,0,0
2025-02-01,149,0,0,0
2025-02-02,172,0,0,0
2025-02-03,402,0,0,0
2025-02-04,363,0,0,0
2025-02-05,292,0,0,0
2025-02-06,251,0,0,0
2025-02-07,208,0,0,0
2025-02-08,147,0,0,0
2025-02-09,149,0,0,0
2025-02-10,352,0,0,0
2025-02-11,259,0,0,0
2025-02-12,245,0,0,0
2025-02-13,217,0,0,0
2025-02-14,227,0,0,0
2025-02-15,154,0,0,0
2025-02-16,125,0,0,0
2025-02-17,319,0,0,0
2025-02-18,255,0,0,0
2025-02-19,228,0,0,0
2025-02-20,243,0,0,0
2025-02-21,186,0,0,0
2025-02-22,136,0,0,0
2025-02-23,98,0,0,0
2025-02-24,305,0,0,0
2025-02-25,251,0,0,0
2025-02-26,235,0,0,0
2025-02-27,226,0,0,0
2025-02-28,167,0,0,0
2025-03-01,93,0,0,0
2025-03-02,115,0,0,0
2025-03-03,288,0,0,0
2025-03-04,205,0,0,0
2025-03-05,178,0,0,0
2025-03-06,207,0,0,0
2025-03-07,191,0,0,0
2025-03-08,100,0,0,0
2025-03-09,99,0,0,0
2025-03-10,255,0,0,0
2025-03-11,201,0,0,0
2025-03-12,161,0,0,0
2025-03-13,169,0,0,0
2025-03-14,135,0,0,0
2025-03-15,89,0,0,0
2025-03-16,86,0,0,0
2025-03-17,197,0,0,0
2025-03-18,121,0,0,0
2025-03-19,111,0,0,0
2025-03-20,123,0,0,0
2025-03-21,109,0,0,0
2025-03-22,81,0,0,0
2025-03-23,82,0,0,0
2025-03-24,180,0,0,0
2025-03-25,162,0,0,0
2025-03-26,153,0,0,0
2025-03-27,138,0,0,0
2025-03-28,113,0,0,0
2025-03-29,42,0,0,0
2025-03-30,80,0,0,0
2025-03-31,146,0,0,0
2025-04-01,116,0,0,0
2025-04-02,113,0,0,0
2025-04-03,101,0,0,0
2025-04-04,77,0,0,0
2025-04-05,44,0,0,0
2025-04-06,37,0,0,0
2025-04-07,113,0,0,0
2025-04-08,105,0,0,0
2025-04-09,94,0,0,0
2025-04-10,75,0,0,0
2025-04-11,44,0,0,0
2025-04-12,19,0,0,0
2025-04-13,16,0,0,0
2025-04-14,44,0,0,0
2025-04-15,18,0,0,0
2025-04-16,7,0,0,0
2025-04-17,1,0,0,0
2025-04-18,5,0,0,0
2025-04-19,2,0,0,0
