date,total_count,proportion,ci_lower,ci_upper
2019-12-23,1,0,0,0
2019-12-26,2,0,0,0
2019-12-30,13,0,0,0
2019-12-31,1,0,0,0
2020-01-01,3,0,0,0
2020-01-02,2,0,0,0
2020-01-03,1,0,0,0
2020-01-04,1,0,0,0
2020-01-05,1,0,0,0
2020-01-07,1,0,0,0
2020-01-08,2,0,0,0
2020-01-10,14,0,0,0
2020-01-11,1,0,0,0
2020-01-12,1,0,0,0
2020-01-13,1,0,0,0
2020-01-14,1,0,0,0
2020-01-15,0,0,0,0
2020-01-16,9,0,0,0
2020-01-17,2,0,0,0
2020-01-19,9,0,0,0
2020-01-20,5,0,0,0
2020-01-21,8,0,0,0
2020-01-22,25,0,0,0
2020-01-23,13,0,0,0
2020-01-24,9,0,0,0
2020-01-25,25,0,0,0
2020-01-26,16,0,0,0
2020-01-27,19,0,0,0
2020-01-28,11,0,0,0
2020-01-29,46,0,0,0
2020-01-30,21,0,0,0
2020-01-31,15,0,0,0
2020-02-01,18,0,0,0
2020-02-02,18,0,0,0
2020-02-03,23,0,0,0
2020-02-04,10,0,0,0
2020-02-05,16,0,0,0
2020-02-06,33,0,0,0
2020-02-07,30,0,0,0
2020-02-08,27,0,0,0
2020-02-09,25,0,0,0
2020-02-10,22,0,0,0
2020-02-11,25,0,0,0
2020-02-12,11,0,0,0
2020-02-13,15,0,0,0
2020-02-14,10,0,0,0
2020-02-15,39,0,0,0
2020-02-16,36,0,0,0
2020-02-17,47,0,0,0
2020-02-18,23,0,0,0
2020-02-19,16,0,0,0
2020-02-20,11,0,0,0
2020-02-21,16,0,0,0
2020-02-22,13,0,0,0
2020-02-23,12,0,0,0
2020-02-24,30,0,0,0
2020-02-25,35,0,0,0
2020-02-26,28,0,0,0
2020-02-27,62,0,0,0
2020-02-28,67,0,0,0
2020-02-29,83,0,0,0
2020-03-01,146,0,0,0
2020-03-02,193,0,0,0
2020-03-03,217,0,0,0
2020-03-04,227,0,0,0
2020-03-05,228,0,0,0
2020-03-06,206,0,0,0
2020-03-07,171,0,0,0
2020-03-08,203,0,0,0
2020-03-09,381,0,0,0
2020-03-10,421,0,0,0
2020-03-11,519,0,0,0
2020-03-12,716,0,0,0
2020-03-13,801,0,0,0
2020-03-14,836,0,0,0
2020-03-15,982,0,0,0
2020-03-16,1239,0,0,0
2020-03-17,1165,0,0,0
2020-03-18,1159,0,0,0
2020-03-19,1133,0,0,0
2020-03-20,1110,0,0,0
2020-03-21,974,0,0,0
2020-03-22,853,0,0,0
2020-03-23,1652,0,0,0
2020-03-24,1780,0,0,0
2020-03-25,1627,0,0,0
2020-03-26,1675,0,0,0
2020-03-27,1674,0,0,0
2020-03-28,1350,0,0,0
2020-03-29,1247,0,0,0
2020-03-30,1789,0,0,0
2020-03-31,1876,0,0,0
2020-04-01,1874,0,0,0
2020-04-02,1570,0.0006369426751592356,0.00010937641199588342,0.003501360263337474
2020-04-03,1664,0,0,0
2020-04-04,1244,0.0008038585209003215,0.00013867804388684413,0.004436360864619897
2020-04-05,996,0,0,0
2020-04-06,1725,0.0005797101449275362,0.00010081808761152537,0.003228029370757366
2020-04-07,1479,0,0,0
2020-04-08,1535,0,0,0
2020-04-09,1145,0,0,0
2020-04-10,1228,0.0008143322475570033,0.0001392249348980063,0.004453799856868515
2020-04-11,1020,0,0,0
2020-04-12,856,0.002336448598130841,0.0006313670503754915,0.008352622713632088
2020-04-13,1332,0,0,0
2020-04-14,1224,0,0,0
2020-04-15,1156,0,0,0
2020-04-16,1112,0,0,0
2020-04-17,1000,0,0,0
2020-04-18,766,0,0,0
2020-04-19,656,0,0,0
2020-04-20,1111,0,0,0
2020-04-21,1068,0,0,0
2020-04-22,1096,0,0,0
2020-04-23,936,0,0,0
2020-04-24,913,0,0,0
2020-04-25,557,0,0,0
2020-04-26,472,0,0,0
2020-04-27,1053,0.000949667616334283,0.00016452967807399648,0.005260223600402615
2020-04-28,894,0,0,0
2020-04-29,1135,0,0,0
2020-04-30,1126,0,0,0
2020-05-01,1005,0,0,0
2020-05-02,608,0,0,0
2020-05-03,498,0,0,0
2020-05-04,1012,0,0,0
2020-05-05,950,0,0,0
2020-05-06,805,0,0,0
2020-05-07,742,0,0,0
2020-05-08,671,0,0,0
2020-05-09,505,0,0,0
2020-05-10,449,0,0,0
2020-05-11,794,0,0,0
2020-05-12,765,0,0,0
2020-05-13,765,0,0,0
2020-05-14,789,0,0,0
2020-05-15,524,0,0,0
2020-05-16,295,0,0,0
2020-05-17,246,0,0,0
2020-05-18,561,0,0,0
2020-05-19,678,0,0,0
2020-05-20,509,0,0,0
2020-05-21,475,0,0,0
2020-05-22,616,0,0,0
2020-05-23,277,0,0,0
2020-05-24,274,0,0,0
2020-05-25,307,0,0,0
2020-05-26,540,0,0,0
2020-05-27,535,0,0,0
2020-05-28,343,0,0,0
2020-05-29,378,0,0,0
2020-05-30,278,0,0,0
2020-05-31,215,0,0,0
2020-06-01,525,0,0,0
2020-06-02,591,0,0,0
2020-06-03,400,0,0,0
2020-06-04,449,0,0,0
2020-06-05,401,0,0,0
2020-06-06,224,0,0,0
2020-06-07,355,0,0,0
2020-06-08,626,0,0,0
2020-06-09,532,0,0,0
2020-06-10,594,0,0,0
2020-06-11,750,0,0,0
2020-06-12,682,0,0,0
2020-06-13,643,0,0,0
2020-06-14,561,0,0,0
2020-06-15,829,0,0,0
2020-06-16,743,0,0,0
2020-06-17,655,0,0,0
2020-06-18,710,0,0,0
2020-06-19,740,0,0,0
2020-06-20,422,0,0,0
2020-06-21,483,0,0,0
2020-06-22,566,0,0,0
2020-06-23,621,0,0,0
2020-06-24,706,0,0,0
2020-06-25,566,0,0,0
2020-06-26,469,0,0,0
2020-06-27,375,0,0,0
2020-06-28,276,0,0,0
2020-06-29,593,0,0,0
2020-06-30,582,0,0,0
2020-07-01,623,0,0,0
2020-07-02,746,0,0,0
2020-07-03,519,0,0,0
2020-07-04,326,0,0,0
2020-07-05,296,0,0,0
2020-07-06,667,0,0,0
2020-07-07,715,0,0,0
2020-07-08,812,0,0,0
2020-07-09,756,0,0,0
2020-07-10,566,0,0,0
2020-07-11,377,0,0,0
2020-07-12,312,0,0,0
2020-07-13,715,0,0,0
2020-07-14,734,0,0,0
2020-07-15,933,0,0,0
2020-07-16,713,0,0,0
2020-07-17,700,0,0,0
2020-07-18,581,0,0,0
2020-07-19,438,0,0,0
2020-07-20,688,0,0,0
2020-07-21,785,0,0,0
2020-07-22,645,0,0,0
2020-07-23,828,0,0,0
2020-07-24,669,0,0,0
2020-07-25,469,0,0,0
2020-07-26,324,0,0,0
2020-07-27,829,0,0,0
2020-07-28,688,0.0014534883720930232,0.0002562433662897629,0.008175121032152826
2020-07-29,690,0,0,0
2020-07-30,621,0,0,0
2020-07-31,583,0.0017152658662092624,0.00030129223117178656,0.009602383603153904
2020-08-01,535,0,0,0
2020-08-02,443,0,0,0
2020-08-03,910,0,0,0
2020-08-04,760,0,0,0
2020-08-05,603,0,0,0
2020-08-06,708,0,0,0
2020-08-07,580,0,0,0
2020-08-08,403,0,0,0
2020-08-09,448,0,0,0
2020-08-10,804,0,0,0
2020-08-11,764,0,0,0
2020-08-12,690,0,0,0
2020-08-13,778,0,0,0
2020-08-14,712,0,0,0
2020-08-15,411,0,0,0
2020-08-16,368,0,0,0
2020-08-17,867,0,0,0
2020-08-18,796,0,0,0
2020-08-19,771,0,0,0
2020-08-20,940,0,0,0
2020-08-21,770,0,0,0
2020-08-22,362,0,0,0
2020-08-23,356,0,0,0
2020-08-24,679,0,0,0
2020-08-25,725,0,0,0
2020-08-26,982,0,0,0
2020-08-27,906,0,0,0
2020-08-28,753,0,0,0
2020-08-29,535,0,0,0
2020-08-30,646,0,0,0
2020-08-31,1040,0,0,0
2020-09-01,946,0,0,0
2020-09-02,769,0,0,0
2020-09-03,960,0,0,0
2020-09-04,812,0,0,0
2020-09-05,439,0,0,0
2020-09-06,317,0,0,0
2020-09-07,892,0,0,0
2020-09-08,835,0,0,0
2020-09-09,1383,0,0,0
2020-09-10,1669,0,0,0
2020-09-11,893,0,0,0
2020-09-12,385,0,0,0
2020-09-13,363,0,0,0
2020-09-14,838,0,0,0
2020-09-15,839,0,0,0
2020-09-16,1994,0,0,0
2020-09-17,973,0,0,0
2020-09-18,1261,0,0,0
2020-09-19,808,0,0,0
2020-09-20,687,0,0,0
2020-09-21,1480,0,0,0
2020-09-22,1041,0,0,0
2020-09-23,1338,0,0,0
2020-09-24,2607,0,0,0
2020-09-25,1137,0,0,0
2020-09-26,501,0,0,0
2020-09-27,1075,0,0,0
2020-09-28,822,0,0,0
2020-09-29,1271,0,0,0
2020-09-30,1131,0,0,0
2020-10-01,2127,0,0,0
2020-10-02,1448,0,0,0
2020-10-03,1257,0.0007955449482895784,0.00013674431518629935,0.004374695539696337
2020-10-04,689,0,0,0
2020-10-05,2257,0,0,0
2020-10-06,1989,0,0,0
2020-10-07,2010,0,0,0
2020-10-08,1867,0,0,0
2020-10-09,1551,0,0,0
2020-10-10,827,0,0,0
2020-10-11,1010,0,0,0
2020-10-12,2132,0,0,0
2020-10-13,1567,0,0,0
2020-10-14,1951,0,0,0
2020-10-15,2494,0,0,0
2020-10-16,1512,0,0,0
2020-10-17,1231,0,0,0
2020-10-18,753,0,0,0
2020-10-19,1922,0,0,0
2020-10-20,2141,0,0,0
2020-10-21,2494,0,0,0
2020-10-22,2016,0,0,0
2020-10-23,1501,0,0,0
2020-10-24,1525,0,0,0
2020-10-25,821,0,0,0
2020-10-26,2671,0,0,0
2020-10-27,1763,0,0,0
2020-10-28,1395,0,0,0
2020-10-29,2105,0,0,0
2020-10-30,2179,0,0,0
2020-10-31,1016,0,0,0
2020-11-01,2531,0,0,0
2020-11-02,3678,0.0002718868950516585,4.7300605182239016e-05,0.001516363121887988
2020-11-03,2217,0,0,0
2020-11-04,3287,0,0,0
2020-11-05,2958,0,0,0
2020-11-06,2306,0,0,0
2020-11-07,1754,0,0,0
2020-11-08,2619,0,0,0
2020-11-09,2965,0,0,0
2020-11-10,2276,0,0,0
2020-11-11,2602,0,0,0
2020-11-12,3223,0,0,0
2020-11-13,2913,0,0,0
2020-11-14,2660,0,0,0
2020-11-15,1473,0,0,0
2020-11-16,1699,0,0,0
2020-11-17,2102,0,0,0
2020-11-18,2905,0,0,0
2020-11-19,1340,0,0,0
2020-11-20,1868,0,0,0
2020-11-21,1483,0,0,0
2020-11-22,1708,0,0,0
2020-11-23,2178,0,0,0
2020-11-24,1765,0.0005665722379603399,9.688912508759869e-05,0.003102512181137432
2020-11-25,1664,0,0,0
2020-11-26,1123,0,0,0
2020-11-27,1572,0.001272264631043257,0.0003386212724835822,0.004490421166138511
2020-11-28,908,0.0011013215859030838,0.0001906518065090039,0.006091708543899064
2020-11-29,821,0,0,0
2020-11-30,2376,0,0,0
2020-12-01,2566,0.0003897116134060795,6.771322622081292e-05,0.0021697262262530556
2020-12-02,2212,0.0004520795660036166,7.78692702616393e-05,0.0024945690715408005
2020-12-03,1811,0,0,0
2020-12-04,1579,0,0,0
2020-12-05,930,0.001075268817204301,0.0001874131343689344,0.005988673855249623
2020-12-06,1126,0,0,0
2020-12-07,2531,0.0003951007506914263,6.781728529218697e-05,0.002173055347705537
2020-12-08,2230,0,0,0
2020-12-09,2223,0.000449842555105713,7.732350777304173e-05,0.00247711664234492
2020-12-10,4154,0.00048146364949446316,0.00012839437496826276,0.0017055369848837953
2020-12-11,3570,0.00028011204481792715,4.876409927331881e-05,0.0015632268884122357
2020-12-12,2045,0,0,0
2020-12-13,1944,0.00051440329218107,8.906711370296524e-05,0.002852557233374868
2020-12-14,3947,0,0,0
2020-12-15,4151,0.0002409058058299205,4.1100137931259163e-05,0.0013177775653086087
2020-12-16,3581,0.00027925160569673273,4.770970515904364e-05,0.0015294635735254446
2020-12-17,3234,0.00030921459492888067,5.280482759309115e-05,0.0016926019463635851
2020-12-18,3288,0,0,0
2020-12-19,2591,0.00038595137012736397,6.69428462521326e-05,0.002145079260639852
2020-12-20,1996,0,0,0
2020-12-21,3225,0.000310077519379845,5.310667146203085e-05,0.0017022653390326994
2020-12-22,2814,0.00035536602700781805,6.078771522782974e-05,0.0019481250123430252
2020-12-23,2348,0.0008517887563884157,0.0002244397626642362,0.0029790354948851083
2020-12-24,2132,0,0,0
2020-12-25,1086,0.0009208103130755065,0.00015776542327578173,0.005044749339269531
2020-12-26,3111,0,0,0
2020-12-27,2659,0,0,0
2020-12-28,3251,0.00030759766225776686,5.2242222292913e-05,0.0016745900361255716
2020-12-29,4040,0,0,0
2020-12-30,3126,0,0,0
2020-12-31,2760,0.0007246376811594203,0.00019506458075500195,0.002589751156039283
2021-01-01,1915,0,0,0
2021-01-02,3707,0,0,0
2021-01-03,3062,0.0006531678641410843,0.00017513262232746575,0.002325503889414709
2021-01-04,5368,0.00018628912071535022,3.2177176433098675e-05,0.001031897240577403
2021-01-05,4821,0,0,0
2021-01-06,3285,0.00030441400304414006,5.274171820909954e-05,0.0016905815113938756
2021-01-07,3533,0,0,0
2021-01-08,4308,0.00023212627669452182,3.9802690440570435e-05,0.0012762163357846498
2021-01-09,4046,0.00024715768660405336,4.275255427112708e-05,0.00137070592427303
2021-01-10,2821,0,0,0
2021-01-11,5205,0.00038424591738712776,0.00010323600781754797,0.001371624556017944
2021-01-12,5370,0.0007448789571694599,0.0002842483665571159,0.0018778736856855489
2021-01-13,4259,0.00046959380136182204,0.00012488608236335146,0.0016589816529981778
2021-01-14,4612,0.0006504770164787511,0.00021705197358764625,0.0018747506494804715
2021-01-15,5029,0,0,0
2021-01-16,3721,0.0010749798441279225,0.00040472783581469894,0.0026727377230586187
2021-01-17,3305,0.000302571860816944,5.181286060332428e-05,0.0016608436286338188
2021-01-18,5549,0,0,0
2021-01-19,5683,0.0005278901988386416,0.00017522588169584106,0.0015137851942187673
2021-01-20,5017,0.00019932230416583617,3.430319716234746e-05,0.0011000229537623722
2021-01-21,4782,0.00020911752404851526,3.6040111720411785e-05,0.001155675263170527
2021-01-22,4747,0.0006319780914261639,0.0002118245175102011,0.0018296447562365236
2021-01-23,3253,0,0,0
2021-01-24,2841,0,0,0
2021-01-25,7507,0.0002664180098574664,7.16315835944292e-05,0.0009519635263736451
2021-01-26,6008,0.00016644474034620507,2.883429873840954e-05,0.0009247652850314352
2021-01-27,5779,0.00017304031839418584,2.980812178298622e-05,0.0009559759059237281
2021-01-28,5773,0,0,0
2021-01-29,6433,0.000621793875330328,0.00023681821254272492,0.0015647770061827649
2021-01-30,4244,0,0,0
2021-01-31,3460,0,0,0
2021-02-01,5863,0,0,0
2021-02-02,5296,0.00018882175226586103,3.1669165257192206e-05,0.0010156176562258702
2021-02-03,4286,0.0002333177788147457,3.9552969134829255e-05,0.00126821670866167
2021-02-04,4572,0,0,0
2021-02-05,4402,0.00022716946842344388,3.893357404439156e-05,0.0012483744712606716
2021-02-06,3490,0.0005730659025787965,0.00015253290094275,0.002025785167274474
2021-02-07,3124,0.0003201024327784891,5.47709530189694e-05,0.0017555441241140386
2021-02-08,6998,0.0007144898542440697,0.00029227151426011093,0.0016007673064933367
2021-02-09,7059,0.00014166312508853945,2.4435635851973337e-05,0.0007837724466273106
2021-02-10,7060,0,0,0
2021-02-11,6456,0.00015489467162329616,2.6370372339832316e-05,0.0008457911908718147
2021-02-12,5849,0.0005129081894340913,0.000164915973535314,0.001424787113036954
2021-02-13,4405,0,0,0
2021-02-14,4250,0,0,0
2021-02-15,7742,0.00038749677086024286,0.00012630796333320412,0.001091434289868096
2021-02-16,7443,0.0002687088539567379,7.123154683172527e-05,0.0009466502330844142
2021-02-17,5745,0.00034812880765883376,9.126275686676561e-05,0.0012126625078093109
2021-02-18,5215,0,0,0
2021-02-19,5636,0,0,0
2021-02-20,4597,0,0,0
2021-02-21,4904,0,0,0
2021-02-22,8303,0.00024087679152113694,6.41723066793287e-05,0.0008528836238152789
2021-02-23,6441,0.0001552553951249806,2.6485114271553704e-05,0.0008494691144208776
2021-02-24,6950,0.0005755395683453237,0.00021609176952462793,0.0014279260581060672
2021-02-25,7139,0,0,0
2021-02-26,6155,0.00048740861088545896,0.00015779949770857704,0.0013633505718696334
2021-02-27,4068,0,0,0
2021-02-28,3872,0,0,0
2021-03-01,7398,0.00013517166801838335,2.241274548695438e-05,0.0007189219534237447
2021-03-02,7036,0.0002842524161455372,7.411943416629525e-05,0.0009850064120700691
2021-03-03,7487,0.00013356484573260317,2.2625328085232668e-05,0.0007257372828086394
2021-03-04,6282,0.0003183699458771092,8.347081637304557e-05,0.0011091966997538825
2021-03-05,6295,0.0003177124702144559,8.32680539000943e-05,0.0011065041293670623
2021-03-06,4019,0,0,0
2021-03-07,3789,0,0,0
2021-03-08,8643,0.0003471017007983339,0.00011257959059069594,0.0009728700548514391
2021-03-09,7813,0.00038397542557276333,0.00012436796111408175,0.0010746805195486055
2021-03-10,8240,0.00036407766990291263,0.00011792782211159946,0.0010190615608734125
2021-03-11,7774,0.00012863390789812196,2.188479025831336e-05,0.0007019955892524815
2021-03-12,8254,0,0,0
2021-03-13,5627,0,0,0
2021-03-14,4827,0.00020716801325875285,3.5769895404101216e-05,0.0011470175825340453
2021-03-15,10327,0.00019366708627868693,5.104482122003201e-05,0.0006784849543420156
2021-03-16,9448,0.0005292125317527519,0.00021741205564630622,0.001190994852336419
2021-03-17,8000,0.000125,2.0967170073260983e-05,0.0006725754937232421
2021-03-18,8511,0.0002349900129244507,6.082054314172166e-05,0.0008083589822447581
2021-03-19,7424,0.0006734913793103449,0.00027323831455918217,0.001496596788609254
2021-03-20,6291,0.00015895724050230488,2.6705493774455134e-05,0.0008565330766805736
2021-03-21,5863,0.0005116834385127068,0.00016932249296121969,0.0014628265173875763
2021-03-22,10521,0,0,0
2021-03-23,8888,0.0001125112511251125,1.895847456368562e-05,0.000608169741980544
2021-03-24,8748,0,0,0
2021-03-25,9573,0.00031338138514572234,0.00010219387128805527,0.000883164166428522
2021-03-26,7701,0.0001298532658096351,2.204329892709112e-05,0.0007070774565306803
2021-03-27,5783,0.0005187618882932734,0.00016828910164828852,0.0014539058803337698
2021-03-28,4934,0.00020267531414673692,3.463977515388427e-05,0.0011108075657988228
2021-03-29,11055,0.000271370420624152,8.775987943346036e-05,0.0007584769257178667
2021-03-30,9640,0.0006224066390041493,0.00026908915580783785,0.0012803871193332009
2021-03-31,9230,0.00010834236186348862,1.8359051752568988e-05,0.0005889490049681073
2021-04-01,10027,0.0003989229081480004,0.0001489181182863784,0.000984266522521957
2021-04-02,7118,0.00014048890137679124,2.423767800848908e-05,0.0007774265162564172
2021-04-03,5889,0.00033961623365596876,8.739451246614806e-05,0.001161299403635175
2021-04-04,4284,0.00046685340802987864,0.00012398268342773088,0.0016469930443399473
2021-04-05,8418,0.000950344499881207,0.0004657516954947975,0.0018125765726413458
2021-04-06,8591,0.0003492026539401699,0.00011130230039396374,0.0009618380316776315
2021-04-07,8971,0.0006688217590012261,0.0002922234415968881,0.001390396476299553
2021-04-08,8708,0.00045934772622875517,0.00017162557459683196,0.0011342640210043969
2021-04-09,8489,0.00011779950524207798,1.9901067995996306e-05,0.0006383933058859985
2021-04-10,6436,0.0006215040397762585,0.0002304331901873955,0.0015226205009605954
2021-04-11,5105,0.0005876591576885406,0.0001943523658207599,0.0016788674130168812
2021-04-12,9967,0.00020066218521119696,5.1958780744474184e-05,0.000690628115634729
2021-04-13,10504,0.0006664127951256664,0.00030697765537321555,0.0013075238139085448
2021-04-14,9436,0.00105977108944468,0.0005421955113180096,0.0018362937896302415
2021-04-15,8591,0.00023280176929344664,6.0094163593934485e-05,0.0007987094761494162
2021-04-16,8673,0,0,0
2021-04-17,5576,0,0,0
2021-04-18,3823,0.0007847240387130526,0.00025734718238914545,0.002222368813331117
2021-04-19,9208,0.00032580364900086883,0.00010029515943062177,0.0008667632253633403
2021-04-20,8842,0.0006785795068988917,0.000288907597542643,0.0013746294710567128
2021-04-21,7982,0.0007516913054372337,0.0003266987447798231,0.0015543150230402697
2021-04-22,8239,0.00048549581259861634,0.0001753202679369906,0.0011586677126528624
2021-04-23,7582,0.00013189132155104195,2.188479025831336e-05,0.0007019955892524815
2021-04-24,4883,0.00020479213598197828,3.404517275151149e-05,0.0010917552371126093
2021-04-25,3747,0.0005337603416066186,0.00014064220425413502,0.001868045853171146
2021-04-26,8853,0.00022591212018524794,5.711532859502601e-05,0.0007591362894185363
2021-04-27,8978,0.00011138338159946537,1.8563708895499205e-05,0.0005955114797421419
2021-04-28,7477,0.00040123044001604924,0.0001269049785818889,0.0010965900241043899
2021-04-29,8151,0.000122684333210649,2.060735003375883e-05,0.0006610388544888545
2021-04-30,7627,0.0001311131506490101,2.1993861412892786e-05,0.0007054924690771136
2021-05-01,4335,0.0002306805074971165,3.852570369303731e-05,0.0012353080894323075
2021-05-02,3418,0.0005851375073142189,0.00015512135762158546,0.0020601190079360147
2021-05-03,8699,0,0,0
2021-05-04,8221,0.0002432794063982484,6.410480178807157e-05,0.0008519869165446602
2021-05-05,7403,0,0,0
2021-05-06,7014,0.00028514399771884804,7.406938517142215e-05,0.0009843416895099425
2021-05-07,6626,0.00015092061575611228,2.5642530870659982e-05,0.0008224605962395801
2021-05-08,3990,0,0,0
2021-05-09,2936,0.0003405994550408719,5.862745204086407e-05,0.0018789867828164497
2021-05-10,8400,0.00035714285714285714,0.0001147318015256047,0.000991458512124579
2021-05-11,6962,0,0,0
2021-05-12,6309,0,0,0
2021-05-13,4773,0,0,0
2021-05-14,4735,0,0,0
2021-05-15,3794,0,0,0
2021-05-16,2407,0,0,0
2021-05-17,7773,0.00025730091341824265,6.669278849995338e-05,0.0008863639645615056
2021-05-18,6033,0,0,0
2021-05-19,5779,0.00017304031839418584,2.8985812084895214e-05,0.0009296213167909195
2021-05-20,5298,0,0,0
2021-05-21,4382,0,0,0
2021-05-22,3154,0.0003170577045022194,5.456777634478899e-05,0.0017490400320765924
2021-05-23,2279,0,0,0
2021-05-24,6819,0,0,0
2021-05-25,5357,0,0,0
2021-05-26,5639,0,0,0
2021-05-27,5159,0,0,0
2021-05-28,5108,0,0,0
2021-05-29,4182,0,0,0
2021-05-30,3252,0.0003075030750307503,5.3671829057826474e-05,0.001720358236645911
2021-05-31,7515,0,0,0
2021-06-01,7193,0,0,0
2021-06-02,6425,0,0,0
2021-06-03,5776,0,0,0
2021-06-04,5905,0,0,0
2021-06-05,5021,0,0,0
2021-06-06,4090,0,0,0
2021-06-07,9267,0,0,0
2021-06-08,6309,0,0,0
2021-06-09,5013,0.00019948134849391582,3.447066457514197e-05,0.0011053889556714622
2021-06-10,3993,0,0,0
2021-06-11,3729,0.0002681684097613301,4.5449441248941267e-05,0.0014570809087529723
2021-06-12,2152,0.0013940520446096654,0.0004640679763078379,0.004003615946131252
2021-06-13,1964,0,0,0
2021-06-14,5084,0,0,0
2021-06-15,5687,0,0,0
2021-06-16,5243,0,0,0
2021-06-17,4690,0,0,0
2021-06-18,5757,0,0,0
2021-06-19,3290,0,0,0
2021-06-20,3245,0,0,0
2021-06-21,6107,0.0001637465203864418,2.8248280440098293e-05,0.0009059829657184482
2021-06-22,7200,0,0,0
2021-06-23,6019,0.0001661405549094534,2.899057253821601e-05,0.0009297738896792164
2021-06-24,5979,0,0,0
2021-06-25,5346,0,0,0
2021-06-26,6227,0,0,0
2021-06-27,5297,0,0,0
2021-06-28,7830,0.0002554278416347382,6.880107266486586e-05,0.0009143679010018128
2021-06-29,9688,0.0006193228736581337,0.0002809094227954193,0.0013365968272546118
2021-06-30,7881,0.0002537749016622256,6.910447852754838e-05,0.0009183979040914424
2021-07-01,8149,0,0,0
2021-07-02,7063,0,0,0
2021-07-03,4905,0,0,0
2021-07-04,6468,0.00015460729746444033,2.7203479022703238e-05,0.0008724950443480193
2021-07-05,9147,0,0,0
2021-07-06,8589,0,0,0
2021-07-07,9363,0,0,0
2021-07-08,8231,0,0,0
2021-07-09,7868,0.0002541942043721403,6.884425314102917e-05,0.0009149414489860837
2021-07-10,5971,0,0,0
2021-07-11,6209,0.00016105653084232566,2.8311710073346378e-05,0.0009080159569089344
2021-07-12,9700,0,0,0
2021-07-13,9536,0,0,0
2021-07-14,10588,0,0,0
2021-07-15,9667,0.00010344470880314473,1.8036399584732224e-05,0.0005786028106747821
2021-07-16,10911,0.00018330125561360095,4.9906846996906144e-05,0.0006633652088784486
2021-07-17,7676,0.00013027618551328816,2.2856770467040857e-05,0.0007331571744804005
2021-07-18,7352,0,0,0
2021-07-19,13749,0,0,0
2021-07-20,14793,6.75995403231258e-05,1.1757124477542516e-05,0.0003772202103213543
2021-07-21,13407,7.458790184232118e-05,1.295381336765649e-05,0.00041560373072411843
2021-07-22,13998,0,0,0
2021-07-23,13552,7.378984651711924e-05,1.2873512604988194e-05,0.00041302816884925084
2021-07-24,11221,0,0,0
2021-07-25,11425,0.000175054704595186,4.759832745774025e-05,0.0006326921000605835
2021-07-26,16694,0,0,0
2021-07-27,16498,0,0,0
2021-07-28,15256,0,0,0
2021-07-29,17133,0,0,0
2021-07-30,16060,0,0,0
2021-07-31,12313,0,0,0
2021-08-01,11221,0,0,0
2021-08-02,18236,0,0,0
2021-08-03,19511,0,0,0
2021-08-04,18807,0,0,0
2021-08-05,18395,0,0,0
2021-08-06,17312,0,0,0
2021-08-07,13005,0,0,0
2021-08-08,10321,0,0,0
2021-08-09,18410,0,0,0
2021-08-10,18945,0,0,0
2021-08-11,15790,0,0,0
2021-08-12,16383,0.00012207776353537203,3.246734152027922e-05,0.00043161939052318156
2021-08-13,13054,0,0,0
2021-08-14,11046,0,0,0
2021-08-15,11334,0,0,0
2021-08-16,19327,0.0001034821751953226,2.742209010352618e-05,0.0003645630181414698
2021-08-17,19453,0,0,0
2021-08-18,18480,5.411255411255411e-05,9.236142498442773e-06,0.00029635333256814285
2021-08-19,15957,0.00012533684276493074,3.338026203520053e-05,0.0004437524168705699
2021-08-20,15935,6.27549419516787e-05,1.0771378149469041e-05,0.0003456010260348173
2021-08-21,11616,0,0,0
2021-08-22,10436,0,0,0
2021-08-23,19264,0,0,0
2021-08-24,20687,0,0,0
2021-08-25,18430,0,0,0
2021-08-26,18700,0,0,0
2021-08-27,18117,0,0,0
2021-08-28,12386,0.00016147263038914905,4.2849534667197854e-05,0.0005695916564203269
2021-08-29,9701,0,0,0
2021-08-30,20743,0,0,0
2021-08-31,24351,4.1066075315182127e-05,7.033545176437413e-06,0.00022569171930234406
2021-09-01,20107,0,0,0
2021-09-02,20852,4.79570305006714e-05,8.254046296144257e-06,0.00026484755535386513
2021-09-03,17986,0,0,0
2021-09-04,13261,0,0,0
2021-09-05,10166,0,0,0
2021-09-06,15893,0,0,0
2021-09-07,24916,0,0,0
2021-09-08,22746,0,0,0
2021-09-09,21396,9.347541596560104e-05,2.4874979747135722e-05,0.00033070731401041784
2021-09-10,20483,4.882097349021139e-05,8.382612307628624e-06,0.00026897205168338725
2021-09-11,13027,7.676364473785215e-05,1.3201828240536931e-05,0.0004235584844946807
2021-09-12,11535,0,0,0
2021-09-13,22285,4.487323311644604e-05,7.718113238305949e-06,0.00024765414691321346
2021-09-14,20181,0.0001486546751895347,4.93483462259688e-05,0.0004265777327280863
2021-09-15,17344,0.00017297047970479704,5.75552085368381e-05,0.0004975002266208479
2021-09-16,18825,0,0,0
2021-09-17,19089,5.2386191000052386e-05,9.174695833592303e-06,0.00029438215738847946
2021-09-18,11689,0.0002566515527418941,8.600653100366959e-05,0.0007433295578845483
2021-09-19,11114,8.997660608241857e-05,1.5622793567936255e-05,0.0005012029929670178
2021-09-20,22285,0.00013461969934933812,4.4876833584391416e-05,0.00038793325292414905
2021-09-21,20563,4.863103632738414e-05,8.456098637293091e-06,0.00027132953851223156
2021-09-22,15002,0,0,0
2021-09-23,16442,6.08198515995621e-05,1.0556863740777137e-05,0.0003387199868094845
2021-09-24,18192,5.496921723834653e-05,9.555632268942988e-06,0.0003066022980994161
2021-09-25,10093,0,0,0
2021-09-26,9864,0.00030413625304136254,0.00010272894480472467,0.0008877860408609084
2021-09-27,20203,9.899519873286146e-05,2.660791586924382e-05,0.0003537413224932414
2021-09-28,18754,0.00026660978991148557,0.0001116798461600187,0.0006119564265284795
2021-09-29,18838,0.00021233676611105213,8.091719285086439e-05,0.0005349397632413888
2021-09-30,16669,0.00017997480352750615,6.006961702067922e-05,0.0005192282675390308
2021-10-01,14607,0.00020538098172109262,6.852160455476832e-05,0.0005922615744472158
2021-10-02,10281,9.726680284019065e-05,1.7025667231405303e-05,0.0005461915728004902
2021-10-03,10589,0,0,0
2021-10-04,19794,0.0001010407194099222,2.6926656654095112e-05,0.0003579779214092811
2021-10-05,18823,0.0003718854592785422,0.00017609326335088534,0.0007502213998671538
2021-10-06,16742,0.00011946004061641381,3.20987116018845e-05,0.00042672012152099694
2021-10-07,17780,0.0003937007874015748,0.00018765102025716825,0.0007994447670718894
2021-10-08,15809,0.0002530204313998355,9.672695791774981e-05,0.0006394235211470197
2021-10-09,12433,0.00032172444301455805,0.000123556894588843,0.0008167121969328416
2021-10-10,11235,0.00017801513128615933,4.8529093795287525e-05,0.0006450592543733263
2021-10-11,18119,0.00016557205143771732,5.510261122430501e-05,0.00047630582155624307
2021-10-12,18776,0.0001597784405624201,5.3572023123632506e-05,0.0004630788161588989
2021-10-13,15967,0.0005010333813490323,0.0002497124547485065,0.0009721480996398065
2021-10-14,16385,0.0004882514494964907,0.0002435171479436608,0.0009480387457900387
2021-10-15,15321,0.00013053978199856407,3.528283563006968e-05,0.0004690376920161827
2021-10-16,10604,9.43040362127499e-05,1.6455863471003304e-05,0.0005279189598420162
2021-10-17,9865,0.00010136847440446021,1.775698704487172e-05,0.0005696430173956213
2021-10-18,19703,0.0003045221539867025,0.00013718914535944095,0.0006529612441772792
2021-10-19,19080,0.0002620545073375262,0.00011027852411362551,0.0006042800007983743
2021-10-20,16698,0.00035932446999640676,0.00016303923796550488,0.0007759536336171434
2021-10-21,16322,0.0004288690111505943,0.0002050714869476981,0.0008736329185406833
2021-10-22,16574,0.00024134186074574636,9.21813230046708e-05,0.0006093834099684736
2021-10-23,14470,0.0007601935038009676,0.0004209625049581724,0.0013493930766218867
2021-10-24,11594,0.0005175090564084871,0.00023547023071397155,0.001120501248005726
2021-10-25,20870,0.0004312410158121706,0.00022432848507373285,0.0008101888202614239
2021-10-26,19000,0.00015789473684210527,5.29739813035058e-05,0.00045791061816288515
2021-10-27,18842,0.00015921876658528817,5.344573687467123e-05,0.00046198746961008353
2021-10-28,17765,0.0005066141289051506,0.0002631366450028639,0.000950296255428882
2021-10-29,16409,0.0004875373270766043,0.00024395679760329524,0.0009497496807450485
2021-10-30,13547,0.0005167195689082454,0.00024830585334495057,0.0010577337394133753
2021-10-31,13829,0.00043387085110998625,0.00019791424652919605,0.0009418641937114641
2021-11-01,19611,0.0004589261128958238,0.00023964435804761745,0.0008654849200579103
2021-11-02,20360,0.0003929273084479371,0.00019695922254852239,0.0007668408778029566
2021-11-03,22347,0.0002684924150892737,0.00012128165159267034,0.00057726807282202
2021-11-04,20391,0.0002452062184296994,0.0001027349900868245,0.0005629556483682869
2021-11-05,19690,0.00015236160487557134,5.092731614091795e-05,0.0004402233874358585
2021-11-06,13805,0.00043462513582035497,0.00019782881578624565,0.0009414578050696152
2021-11-07,13776,0.0007259001161440186,0.0003922141195115734,0.001328599491233713
2021-11-08,25558,0.00043039361452382814,0.00023803717568097874,0.0007631933006811854
2021-11-09,22788,0.00021941372652273125,9.289905506565487e-05,0.0005090708219469797
2021-11-10,23432,0.0003414134516899966,0.00017172780050176442,0.0006686319095053537
2021-11-11,20398,0.0011765859397980193,0.0007846603661464471,0.0017365923994618626
2021-11-12,18530,0.00037776578521316783,0.00018113529788516832,0.0007716951922803666
2021-11-13,15841,0.0013256738842244808,0.0008606362022686504,0.00201041376167663
2021-11-14,12556,0.0006371455877668047,0.00032114833116841484,0.0012501098955739923
2021-11-15,24698,0.00032391286743865903,0.0001622170206224401,0.000631610774629521
2021-11-16,24186,0.0004548085669395518,0.00025151745582494147,0.0008064007320098707
2021-11-17,21453,0.0008856570176665269,0.0005611953715506751,0.0013686038019660248
2021-11-18,20882,0.00038310506656450533,0.00019149761115299743,0.000745583168746669
2021-11-19,17572,0.0006829046209879354,0.00038669673551784087,0.0011811514651328505
2021-11-20,16166,0.0006185822095756526,0.00033356646440844983,0.0011300205111702444
2021-11-21,15173,0.0003295327225993541,0.00013993249042585222,0.0007667121426068244
2021-11-22,26721,0.00048650873844541747,0.00028129618868786633,0.0008233410489408006
2021-11-23,22384,0.0008041458184417441,0.0005021631156861149,0.0012544560037737204
2021-11-24,20872,0.0003832886163280951,0.00019184198775434739,0.0007469235639329817
2021-11-25,14247,0.0004913315083877308,0.00023252156093541684,0.0009905243487487135
2021-11-26,20970,0.0006676204101096805,0.00039220390852801225,0.0011048265159956947
2021-11-27,14857,0.00121155011105876,0.0007549854923759909,0.001885657288497318
2021-11-28,17045,0.0002933411557641537,0.000123999996574491,0.000679443657098294
2021-11-29,33485,0.0007167388382857996,0.00047455328854682777,0.0010504758802659137
2021-11-30,26198,0.0006870753492633025,0.00042674860023006586,0.0010661259677904515
2021-12-01,23741,0.0008424244977043933,0.0005351672890059871,0.0012764809326914638
2021-12-02,22104,0.0007690915671371698,0.00047063006691570484,0.0012067575970118643
2021-12-03,20469,0.0005373980165127754,0.0002933424210342824,0.0009404506289928899
2021-12-04,17768,0.0005628095452498874,0.0002983527462202274,0.0010107735093035411
2021-12-05,16495,0.0006062443164595332,0.00032038465664817865,0.0010853831896741597
2021-12-06,31945,0.0005947722648301769,0.0003669041704163614,0.0008949112659999573
2021-12-07,25540,0.0005090054815974942,0.0002807349061115796,0.0008216986756786365
2021-12-08,22852,0.0012252756870295817,0.0007940612307459865,0.0016579768107547622
2021-12-09,20145,0.0006453214197071234,0.00034742675657870937,0.0010168329169484135
2021-12-10,18133,0.0008823691611978161,0.0004857515257390992,0.001281425277377241
2021-12-11,12849,0.0011674060238150829,0.000622604719187188,0.001694227415146356
2021-12-12,11476,0.0007842453816660857,0.0003249278124546868,0.0011733461158338467
2021-12-13,22178,0.0010821534854360177,0.0005881864759460353,0.0013019221500276542
2021-12-14,20167,0.0010413051023950017,0.0005168885796036649,0.0012077219759928889
2021-12-15,18742,0.0008536975776331235,0.0003585907717781061,0.0009460760402204021
2021-12-16,18113,0.0009385524209131563,0.000429565836958165,0.0011015007806560214
2021-12-17,15493,0.0019363583553863035,0.0009574753667777883,0.0019502519325483277
2021-12-18,11684,0.0005135227661759672,0.00013105610033861635,0.0006237787767683802
2021-12-19,9867,0.0005067396371744198,0.00012992159000503232,0.0007118793794818964
2021-12-20,20380,0.0006378802747791953,0.000254873660336634,0.0007460238255651525
2021-12-21,20561,0.0005836292009143524,0.0002360125202465805,0.000721011802338759
2021-12-22,20562,0.00048633401420095323,0.0001813520276576083,0.0006144863480950694
2021-12-23,17150,0.0005247813411078718,0.00018494344918571217,0.0006679827888460006
2021-12-24,7406,0.00027005130974885227,4.55430445246204e-05,0.0006053827549812018
2021-12-25,4190,0.00047732696897374703,7.63906020035138e-05,0.0010151702141481117
2021-12-26,11024,0.000362844702467344,8.291862928300035e-05,0.0005481674911626123
2021-12-27,20278,0.0005917743367195976,0.00020170020150419926,0.0006162119476522174
2021-12-28,18325,0.0003819918144611187,0.00010370489644915899,0.0004418790562295182
2021-12-29,19223,0.00046818914841596006,0.000131009649255095,0.00047322006497492426
2021-12-30,19081,0.00041926523767098163,0.00011687439827609794,0.00045509708054437614
2021-12-31,8490,0,0,0
2022-01-01,4916,0.0008136696501220504,0.00012449635421865705,0.0008229194446982602
2022-01-02,11564,0.0006053268765133172,0.00014128523687823274,0.0006019648248093229
2022-01-03,21281,0.0005638832761618346,0.00016775008812884015,0.0005125105586969626
2022-01-04,21433,0.0001399710726449867,2.4704941557747174e-05,0.00021357983264951236
2022-01-05,18032,0.00016637089618456077,3.146062506094992e-05,0.00027197552417398995
2022-01-06,17397,0.0003448870494912916,8.940172312387283e-05,0.0004255572070680638
2022-01-07,16020,0.00031210986267166043,8.252474426233457e-05,0.00045223358929198605
2022-01-08,11445,0.0002621231979030144,5.7987007598156986e-05,0.0005012316173367933
2022-01-09,11391,8.778860503906593e-05,1.1197043939482347e-05,0.00035925502528543775
2022-01-10,24660,8.110300081103001e-05,1.6578479480073514e-05,0.00022042208088770722
2022-01-11,25514,0,0,0
2022-01-12,21766,0.00022971607093632271,7.390591017343063e-05,0.00040501166855968373
2022-01-13,21852,0.00018304960644334616,5.553894402276921e-05,0.00036719656080744516
2022-01-14,21060,4.748338081671415e-05,6.411943570379671e-06,0.00020574878884263743
2022-01-15,14217,0,0,0
2022-01-16,12527,0,0,0
2022-01-17,23305,0,0,0
2022-01-18,25422,3.93360081818897e-05,4.994783152682474e-06,0.0001602796879033711
2022-01-19,26114,0.0001531745423910546,4.731503574337054e-05,0.0003128326846763044
2022-01-20,21818,9.166743056192135e-05,1.9534379030937943e-05,0.0002597165106574965
2022-01-21,21743,9.198362691440924e-05,2.0534147224874138e-05,0.000273006561648686
2022-01-22,13999,7.143367383384528e-05,9.736952799762929e-06,0.00031241884213091135
2022-01-23,13628,7.33783387144115e-05,9.873656684030558e-06,0.00031680410563324663
2022-01-24,25074,0,0,0
2022-01-25,23750,0.0001263157894736842,3.383528765139844e-05,0.0002925010639527562
2022-01-26,21521,0,0,0
2022-01-27,20080,4.9800796812749006e-05,7.0411202325076835e-06,0.00022593474733459054
2022-01-28,17591,0.0001136945028707862,2.469132359746997e-05,0.00032826613728661894
2022-01-29,14958,6.685385746757588e-05,9.50469462689422e-06,0.0003049682711632533
2022-01-30,18124,0,0,0
2022-01-31,26883,0,0,0
2022-02-01,21637,4.621712806766188e-05,6.447071250280029e-06,0.00020687581037199753
2022-02-02,23838,0,0,0
2022-02-03,24939,0,0,0
2022-02-04,21274,4.7005734699633354e-05,6.917504073824905e-06,0.00022196880011826755
2022-02-05,17877,0,0,0
2022-02-06,17896,0,0,0
2022-02-07,27358,3.655237955990935e-05,5.319932237481592e-06,0.00017071224746712186
2022-02-08,26062,0,0,0
2022-02-09,23038,4.340654570709263e-05,6.414040432819495e-06,0.00020581606373606335
2022-02-10,21141,4.7301452154581144e-05,7.116343218019274e-06,0.00022834809700800074
2022-02-11,21464,0,0,0
2022-02-12,17522,0,0,0
2022-02-13,15505,0,0,0
2022-02-14,28683,3.48638566398215e-05,5.436591394419026e-06,0.00017445527245774225
2022-02-15,25489,0,0,0
2022-02-16,21073,0,0,0
2022-02-17,23842,4.194279003439309e-05,6.7102882746829385e-06,0.00021532069499052988
2022-02-18,19512,0,0,0
2022-02-19,16933,0,0,0
2022-02-20,14307,0,0,0
2022-02-21,25330,0,0,0
2022-02-22,23672,0,0,0
2022-02-23,19644,0,0,0
2022-02-24,16494,0,0,0
2022-02-25,14989,0,0,0
2022-02-26,11692,0,0,0
2022-02-27,9239,0,0,0
2022-02-28,15650,0,0,0
2022-03-01,16938,0,0,0
2022-03-02,20601,0,0,0
2022-03-03,19681,0,0,0
2022-03-04,17862,0,0,0
2022-03-05,15195,0,0,0
2022-03-06,15478,0,0,0
2022-03-07,24619,0,0,0
2022-03-08,19477,0,0,0
2022-03-09,24455,0,0,0
2022-03-10,17241,0,0,0
2022-03-11,15632,0,0,0
2022-03-12,13539,0,0,0
2022-03-13,17582,0,0,0
2022-03-14,26008,0,0,0
2022-03-15,19703,0,0,0
2022-03-16,21539,0,0,0
2022-03-17,21506,0,0,0
2022-03-18,17325,0,0,0
2022-03-19,16894,0,0,0
2022-03-20,14157,0,0,0
2022-03-21,21998,0,0,0
2022-03-22,19521,0,0,0
2022-03-23,18214,0,0,0
2022-03-24,18238,0,0,0
2022-03-25,16751,0,0,0
2022-03-26,14113,0,0,0
2022-03-27,12708,0,0,0
2022-03-28,28224,0,0,0
2022-03-29,16983,0,0,0
2022-03-30,12895,0,0,0
2022-03-31,10251,0,0,0
2022-04-01,9491,0,0,0
2022-04-02,7739,0,0,0
2022-04-03,7176,0,0,0
2022-04-04,15786,0,0,0
2022-04-05,11986,0,0,0
2022-04-06,12152,0,0,0
2022-04-07,12890,0,0,0
2022-04-08,9920,0,0,0
2022-04-09,7807,0,0,0
2022-04-10,7594,0,0,0
2022-04-11,14779,0,0,0
2022-04-12,12315,0,0,0
2022-04-13,10567,0,0,0
2022-04-14,9309,0,0,0
2022-04-15,8442,0,0,0
2022-04-16,7607,0,0,0
2022-04-17,5401,0,0,0
2022-04-18,10790,0,0,0
2022-04-19,13443,0,0,0
2022-04-20,11291,0,0,0
2022-04-21,10447,0,0,0
2022-04-22,9768,0,0,0
2022-04-23,7261,0,0,0
2022-04-24,6672,0,0,0
2022-04-25,11677,0,0,0
2022-04-26,10404,0,0,0
2022-04-27,8899,0,0,0
2022-04-28,7640,0,0,0
2022-04-29,7899,0,0,0
2022-04-30,5564,0,0,0
2022-05-01,3994,0,0,0
2022-05-02,8655,0,0,0
2022-05-03,9080,0,0,0
2022-05-04,8172,0,0,0
2022-05-05,8271,0,0,0
2022-05-06,7846,0,0,0
2022-05-07,5467,0,0,0
2022-05-08,4696,0,0,0
2022-05-09,10525,0,0,0
2022-05-10,8778,0,0,0
2022-05-11,7923,0,0,0
2022-05-12,8127,0,0,0
2022-05-13,7553,0,0,0
2022-05-14,5606,0,0,0
2022-05-15,4340,0,0,0
2022-05-16,9354,0,0,0
2022-05-17,8287,0,0,0
2022-05-18,7706,0,0,0
2022-05-19,6734,0,0,0
2022-05-20,6520,0,0,0
2022-05-21,4844,0,0,0
2022-05-22,4784,0,0,0
2022-05-23,8677,0,0,0
2022-05-24,8353,0,0,0
2022-05-25,7633,0,0,0
2022-05-26,5518,0,0,0
2022-05-27,6585,0,0,0
2022-05-28,4396,0,0,0
2022-05-29,4439,0,0,0
2022-05-30,5006,0,0,0
2022-05-31,10020,0,0,0
2022-06-01,7288,0,0,0
2022-06-02,7056,0,0,0
2022-06-03,6290,0,0,0
2022-06-04,4703,0,0,0
2022-06-05,4632,0,0,0
2022-06-06,8234,0,0,0
2022-06-07,9010,0,0,0
2022-06-08,8187,0,0,0
2022-06-09,7742,0,0,0
2022-06-10,6701,0,0,0
2022-06-11,5101,0,0,0
2022-06-12,4479,0,0,0
2022-06-13,9388,0,0,0
2022-06-14,7572,0,0,0
2022-06-15,9142,0,0,0
2022-06-16,7124,0,0,0
2022-06-17,7228,0,0,0
2022-06-18,4905,0,0,0
2022-06-19,3944,0,0,0
2022-06-20,9241,0,0,0
2022-06-21,9111,0,0,0
2022-06-22,8487,0,0,0
2022-06-23,8283,0,0,0
2022-06-24,7856,0,0,0
2022-06-25,5458,0,0,0
2022-06-26,5441,0,0,0
2022-06-27,11636,0,0,0
2022-06-28,9792,0,0,0
2022-06-29,9208,0,0,0
2022-06-30,8980,0,0,0
2022-07-01,8537,0,0,0
2022-07-02,5865,0,0,0
2022-07-03,5305,0,0,0
2022-07-04,6749,0,0,0
2022-07-05,12484,0,0,0
2022-07-06,9967,0,0,0
2022-07-07,8276,0,0,0
2022-07-08,8970,0,0,0
2022-07-09,5540,0,0,0
2022-07-10,6297,0,0,0
2022-07-11,11209,0,0,0
2022-07-12,9597,0,0,0
2022-07-13,8739,0,0,0
2022-07-14,8654,0,0,0
2022-07-15,7845,0,0,0
2022-07-16,6337,0,0,0
2022-07-17,5493,0,0,0
2022-07-18,10654,0,0,0
2022-07-19,9202,0,0,0
2022-07-20,7870,0,0,0
2022-07-21,7765,0,0,0
2022-07-22,7831,0,0,0
2022-07-23,5127,0,0,0
2022-07-24,5290,0,0,0
2022-07-25,10424,0,0,0
2022-07-26,7476,0,0,0
2022-07-27,7063,0,0,0
2022-07-28,6264,0,0,0
2022-07-29,6391,0,0,0
2022-07-30,4883,0,0,0
2022-07-31,4736,0,0,0
2022-08-01,9302,0,0,0
2022-08-02,7615,0,0,0
2022-08-03,6204,0,0,0
2022-08-04,5429,0,0,0
2022-08-05,5256,0,0,0
2022-08-06,3396,0,0,0
2022-08-07,3334,0,0,0
2022-08-08,7521,0,0,0
2022-08-09,5726,0,0,0
2022-08-10,5478,0,0,0
2022-08-11,5948,0,0,0
2022-08-12,5793,0,0,0
2022-08-13,4187,0,0,0
2022-08-14,3948,0,0,0
2022-08-15,7176,0,0,0
2022-08-16,5617,0,0,0
2022-08-17,5610,0,0,0
2022-08-18,5390,0,0,0
2022-08-19,4927,0,0,0
2022-08-20,3566,0,0,0
2022-08-21,3654,0,0,0
2022-08-22,7461,0,0,0
2022-08-23,4995,0,0,0
2022-08-24,4403,0,0,0
2022-08-25,4311,0,0,0
2022-08-26,4935,0,0,0
2022-08-27,4410,0,0,0
2022-08-28,3716,0,0,0
2022-08-29,6815,0,0,0
2022-08-30,5118,0,0,0
2022-08-31,4544,0,0,0
2022-09-01,3987,0,0,0
2022-09-02,3708,0,0,0
2022-09-03,3396,0,0,0
2022-09-04,3562,0,0,0
2022-09-05,4005,0,0,0
2022-09-06,7107,0,0,0
2022-09-07,4734,0,0,0
2022-09-08,3971,0,0,0
2022-09-09,3632,0,0,0
2022-09-10,3663,0,0,0
2022-09-11,3075,0,0,0
2022-09-12,6831,0,0,0
2022-09-13,6011,0,0,0
2022-09-14,4750,0,0,0
2022-09-15,4639,0,0,0
2022-09-16,4868,0,0,0
2022-09-17,3218,0,0,0
2022-09-18,2919,0,0,0
2022-09-19,6165,0,0,0
2022-09-20,5145,0,0,0
2022-09-21,5036,0,0,0
2022-09-22,4451,0,0,0
2022-09-23,4229,0,0,0
2022-09-24,2910,0,0,0
2022-09-25,2679,0,0,0
2022-09-26,6194,0,0,0
2022-09-27,4670,0,0,0
2022-09-28,4226,0,0,0
2022-09-29,4075,0,0,0
2022-09-30,3578,0,0,0
2022-10-01,3285,0,0,0
2022-10-02,2978,0,0,0
2022-10-03,5499,0,0,0
2022-10-04,5406,0,0,0
2022-10-05,4706,0,0,0
2022-10-06,4171,0,0,0
2022-10-07,4409,0,0,0
2022-10-08,2997,0,0,0
2022-10-09,2698,0,0,0
2022-10-10,6284,0,0,0
2022-10-11,5114,0,0,0
2022-10-12,4405,0,0,0
2022-10-13,4425,0,0,0
2022-10-14,4581,0,0,0
2022-10-15,2969,0,0,0
2022-10-16,2492,0,0,0
2022-10-17,6228,0,0,0
2022-10-18,4207,0,0,0
2022-10-19,4202,0,0,0
2022-10-20,3756,0,0,0
2022-10-21,3553,0,0,0
2022-10-22,2268,0,0,0
2022-10-23,2480,0,0,0
2022-10-24,5415,0,0,0
2022-10-25,3486,0,0,0
2022-10-26,4386,0,0,0
2022-10-27,3834,0,0,0
2022-10-28,3565,0,0,0
2022-10-29,2477,0,0,0
2022-10-30,2327,0,0,0
2022-10-31,4452,0,0,0
2022-11-01,4124,0,0,0
2022-11-02,3466,0,0,0
2022-11-03,3895,0,0,0
2022-11-04,3596,0,0,0
2022-11-05,2252,0,0,0
2022-11-06,2434,0,0,0
2022-11-07,4623,0,0,0
2022-11-08,4022,0,0,0
2022-11-09,3814,0,0,0
2022-11-10,3535,0,0,0
2022-11-11,3226,0,0,0
2022-11-12,2374,0,0,0
2022-11-13,2148,0,0,0
2022-11-14,4856,0,0,0
2022-11-15,3879,0,0,0
2022-11-16,3926,0,0,0
2022-11-17,4072,0,0,0
2022-11-18,3264,0,0,0
2022-11-19,2200,0,0,0
2022-11-20,2259,0,0,0
2022-11-21,5013,0,0,0
2022-11-22,4347,0,0,0
2022-11-23,4019,0,0,0
2022-11-24,2538,0,0,0
2022-11-25,4026,0,0,0
2022-11-26,3260,0,0,0
2022-11-27,3482,0,0,0
2022-11-28,6631,0,0,0
2022-11-29,4972,0,0,0
2022-11-30,4747,0,0,0
2022-12-01,4446,0,0,0
2022-12-02,4598,0,0,0
2022-12-03,2681,0,0,0
2022-12-04,2398,0,0,0
2022-12-05,6320,0,0,0
2022-12-06,5031,0,0,0
2022-12-07,4998,0,0,0
2022-12-08,4920,0,0,0
2022-12-09,4327,0,0,0
2022-12-10,2994,0,0,0
2022-12-11,2927,0,0,0
2022-12-12,6674,0,0,0
2022-12-13,4661,0,0,0
2022-12-14,4602,0,0,0
2022-12-15,4804,0,0,0
2022-12-16,4651,0,0,0
2022-12-17,3229,0,0,0
2022-12-18,3236,0,0,0
2022-12-19,7191,0,0,0
2022-12-20,4875,0,0,0
2022-12-21,4779,0,0,0
2022-12-22,4335,0,0,0
2022-12-23,4204,0,0,0
2022-12-24,1962,0,0,0
2022-12-25,1236,0,0,0
2022-12-26,4052,0,0,0
2022-12-27,4926,0,0,0
2022-12-28,5324,0,0,0
2022-12-29,4686,0,0,0
2022-12-30,4316,0,0,0
2022-12-31,2553,0,0,0
2023-01-01,1430,0,0,0
2023-01-02,5171,0,0,0
2023-01-03,5211,0,0,0
2023-01-04,4265,0,0,0
2023-01-05,3720,0,0,0
2023-01-06,3698,0,0,0
2023-01-07,2240,0,0,0
2023-01-08,2142,0,0,0
2023-01-09,4740,0,0,0
2023-01-10,3389,0,0,0
2023-01-11,2899,0,0,0
2023-01-12,2727,0,0,0
2023-01-13,2766,0,0,0
2023-01-14,1668,0,0,0
2023-01-15,1642,0,0,0
2023-01-16,3488,0,0,0
2023-01-17,3177,0,0,0
2023-01-18,2725,0,0,0
2023-01-19,2122,0,0,0
2023-01-20,2442,0,0,0
2023-01-21,1627,0,0,0
2023-01-22,1789,0,0,0
2023-01-23,4135,0,0,0
2023-01-24,2993,0,0,0
2023-01-25,2829,0,0,0
2023-01-26,2611,0,0,0
2023-01-27,2733,0,0,0
2023-01-28,1745,0.0005730659025787965,9.52167094129565e-05,0.0030490771851795643
2023-01-29,1523,0,0,0
2023-01-30,3894,0,0,0
2023-01-31,2954,0,0,0
2023-02-01,2749,0,0,0
2023-02-02,2693,0,0,0
2023-02-03,2736,0.0003654970760233918,5.921748775611869e-05,0.001897871290422261
2023-02-04,1668,0,0,0
2023-02-05,1831,0,0,0
2023-02-06,3735,0,0,0
2023-02-07,3172,0,0,0
2023-02-08,3197,0,0,0
2023-02-09,2946,0,0,0
2023-02-10,2741,0,0,0
2023-02-11,1686,0,0,0
2023-02-12,1732,0,0,0
2023-02-13,3716,0,0,0
2023-02-14,3019,0,0,0
2023-02-15,3015,0,0,0
2023-02-16,3255,0,0,0
2023-02-17,2765,0,0,0
2023-02-18,1688,0,0,0
2023-02-19,1588,0,0,0
2023-02-20,3503,0,0,0
2023-02-21,3235,0,0,0
2023-02-22,2729,0,0,0
2023-02-23,2831,0,0,0
2023-02-24,2397,0,0,0
2023-02-25,1544,0,0,0
2023-02-26,1464,0,0,0
2023-02-27,3319,0,0,0
2023-02-28,3166,0,0,0
2023-03-01,2848,0,0,0
2023-03-02,2684,0,0,0
2023-03-03,2366,0,0,0
2023-03-04,1536,0,0,0
2023-03-05,1430,0,0,0
2023-03-06,3128,0,0,0
2023-03-07,2718,0,0,0
2023-03-08,2521,0,0,0
2023-03-09,2241,0,0,0
2023-03-10,2165,0,0,0
2023-03-11,1203,0,0,0
2023-03-12,1188,0,0,0
2023-03-13,2859,0,0,0
2023-03-14,2527,0,0,0
2023-03-15,2287,0,0,0
2023-03-16,2087,0,0,0
2023-03-17,1775,0,0,0
2023-03-18,1081,0,0,0
2023-03-19,1091,0,0,0
2023-03-20,2646,0,0,0
2023-03-21,2195,0,0,0
2023-03-22,1961,0,0,0
2023-03-23,1924,0,0,0
2023-03-24,1804,0,0,0
2023-03-25,1098,0,0,0
2023-03-26,1150,0,0,0
2023-03-27,2206,0,0,0
2023-03-28,1674,0,0,0
2023-03-29,1608,0,0,0
2023-03-30,1510,0,0,0
2023-03-31,1211,0,0,0
2023-04-01,882,0,0,0
2023-04-02,789,0,0,0
2023-04-03,1603,0,0,0
2023-04-04,1297,0,0,0
2023-04-05,1275,0,0,0
2023-04-06,1123,0,0,0
2023-04-07,847,0,0,0
2023-04-08,700,0,0,0
2023-04-09,539,0,0,0
2023-04-10,1301,0,0,0
2023-04-11,1398,0,0,0
2023-04-12,1249,0,0,0
2023-04-13,1062,0,0,0
2023-04-14,1011,0,0,0
2023-04-15,632,0,0,0
2023-04-16,630,0,0,0
2023-04-17,1446,0,0,0
2023-04-18,947,0,0,0
2023-04-19,949,0,0,0
2023-04-20,909,0,0,0
2023-04-21,860,0,0,0
2023-04-22,549,0,0,0
2023-04-23,600,0,0,0
2023-04-24,1254,0,0,0
2023-04-25,1014,0,0,0
2023-04-26,889,0,0,0
2023-04-27,839,0,0,0
2023-04-28,699,0,0,0
2023-04-29,501,0,0,0
2023-04-30,566,0,0,0
2023-05-01,1081,0,0,0
2023-05-02,988,0,0,0
2023-05-03,994,0,0,0
2023-05-04,865,0,0,0
2023-05-05,705,0,0,0
2023-05-06,389,0,0,0
2023-05-07,433,0,0,0
2023-05-08,876,0,0,0
2023-05-09,802,0,0,0
2023-05-10,898,0,0,0
2023-05-11,849,0,0,0
2023-05-12,499,0,0,0
2023-05-13,316,0,0,0
2023-05-14,399,0,0,0
2023-05-15,819,0,0,0
2023-05-16,692,0,0,0
2023-05-17,735,0,0,0
2023-05-18,602,0,0,0
2023-05-19,531,0,0,0
2023-05-20,387,0,0,0
2023-05-21,385,0,0,0
2023-05-22,849,0,0,0
2023-05-23,619,0,0,0
2023-05-24,531,0,0,0
2023-05-25,469,0,0,0
2023-05-26,478,0,0,0
2023-05-27,286,0,0,0
2023-05-28,331,0,0,0
2023-05-29,532,0,0,0
2023-05-30,567,0,0,0
2023-05-31,589,0,0,0
2023-06-01,436,0,0,0
2023-06-02,543,0,0,0
2023-06-03,254,0,0,0
2023-06-04,293,0,0,0
2023-06-05,580,0,0,0
2023-06-06,495,0,0,0
2023-06-07,424,0,0,0
2023-06-08,380,0,0,0
2023-06-09,337,0,0,0
2023-06-10,263,0,0,0
2023-06-11,247,0,0,0
2023-06-12,509,0,0,0
2023-06-13,373,0,0,0
2023-06-14,325,0,0,0
2023-06-15,277,0,0,0
2023-06-16,254,0,0,0
2023-06-17,170,0,0,0
2023-06-18,172,0,0,0
2023-06-19,371,0,0,0
2023-06-20,341,0,0,0
2023-06-21,380,0,0,0
2023-06-22,350,0,0,0
2023-06-23,308,0,0,0
2023-06-24,177,0,0,0
2023-06-25,189,0,0,0
2023-06-26,462,0,0,0
2023-06-27,357,0,0,0
2023-06-28,331,0,0,0
2023-06-29,324,0,0,0
2023-06-30,261,0,0,0
2023-07-01,147,0,0,0
2023-07-02,171,0,0,0
2023-07-03,422,0,0,0
2023-07-04,222,0,0,0
2023-07-05,373,0,0,0
2023-07-06,341,0,0,0
2023-07-07,345,0,0,0
2023-07-08,224,0,0,0
2023-07-09,192,0,0,0
2023-07-10,474,0,0,0
2023-07-11,388,0,0,0
2023-07-12,370,0,0,0
2023-07-13,345,0,0,0
2023-07-14,351,0,0,0
2023-07-15,204,0,0,0
2023-07-16,224,0,0,0
2023-07-17,561,0,0,0
2023-07-18,490,0,0,0
2023-07-19,416,0,0,0
2023-07-20,386,0,0,0
2023-07-21,362,0,0,0
2023-07-22,306,0,0,0
2023-07-23,257,0,0,0
2023-07-24,633,0,0,0
2023-07-25,602,0,0,0
2023-07-26,554,0,0,0
2023-07-27,517,0,0,0
2023-07-28,526,0,0,0
2023-07-29,364,0,0,0
2023-07-30,460,0,0,0
2023-07-31,842,0,0,0
2023-08-01,725,0,0,0
2023-08-02,718,0,0,0
2023-08-03,724,0,0,0
2023-08-04,614,0,0,0
2023-08-05,398,0,0,0
2023-08-06,401,0,0,0
2023-08-07,1051,0,0,0
2023-08-08,962,0,0,0
2023-08-09,923,0,0,0
2023-08-10,756,0,0,0
2023-08-11,706,0,0,0
2023-08-12,492,0,0,0
2023-08-13,476,0,0,0
2023-08-14,1163,0,0,0
2023-08-15,952,0,0,0
2023-08-16,966,0,0,0
2023-08-17,982,0,0,0
2023-08-18,935,0,0,0
2023-08-19,581,0,0,0
2023-08-20,533,0,0,0
2023-08-21,1632,0,0,0
2023-08-22,1286,0,0,0
2023-08-23,1290,0,0,0
2023-08-24,1272,0,0,0
2023-08-25,1110,0,0,0
2023-08-26,697,0,0,0
2023-08-27,739,0,0,0
2023-08-28,1681,0,0,0
2023-08-29,1426,0,0,0
2023-08-30,1360,0,0,0
2023-08-31,998,0.001002004008016032,0.00015540424018670924,0.004969518380640605
2023-09-01,911,0,0,0
2023-09-02,574,0,0,0
2023-09-03,667,0,0,0
2023-09-04,1276,0,0,0
2023-09-05,1514,0,0,0
2023-09-06,1455,0,0,0
2023-09-07,1223,0,0,0
2023-09-08,1209,0,0,0
2023-09-09,824,0,0,0
2023-09-10,783,0,0,0
2023-09-11,1749,0,0,0
2023-09-12,1364,0,0,0
2023-09-13,1260,0,0,0
2023-09-14,1044,0,0,0
2023-09-15,909,0,0,0
2023-09-16,623,0,0,0
2023-09-17,674,0,0,0
2023-09-18,1575,0,0,0
2023-09-19,1400,0,0,0
2023-09-20,1509,0,0,0
2023-09-21,1311,0,0,0
2023-09-22,1099,0,0,0
2023-09-23,735,0,0,0
2023-09-24,763,0,0,0
2023-09-25,1699,0,0,0
2023-09-26,1439,0,0,0
2023-09-27,1297,0,0,0
2023-09-28,1116,0,0,0
2023-09-29,1024,0,0,0
2023-09-30,675,0,0,0
2023-10-01,774,0,0,0
2023-10-02,1664,0,0,0
2023-10-03,1393,0,0,0
2023-10-04,1234,0,0,0
2023-10-05,1160,0,0,0
2023-10-06,1085,0,0,0
2023-10-07,645,0,0,0
2023-10-08,690,0,0,0
2023-10-09,1556,0,0,0
2023-10-10,1290,0,0,0
2023-10-11,1093,0,0,0
2023-10-12,947,0,0,0
2023-10-13,886,0,0,0
2023-10-14,533,0,0,0
2023-10-15,507,0,0,0
2023-10-16,1371,0,0,0
2023-10-17,1035,0,0,0
2023-10-18,974,0,0,0
2023-10-19,906,0,0,0
2023-10-20,801,0,0,0
2023-10-21,527,0,0,0
2023-10-22,514,0,0,0
2023-10-23,1656,0,0,0
2023-10-24,1065,0,0,0
2023-10-25,956,0,0,0
2023-10-26,889,0,0,0
2023-10-27,833,0,0,0
2023-10-28,476,0,0,0
2023-10-29,518,0,0,0
2023-10-30,1675,0,0,0
2023-10-31,908,0,0,0
2023-11-01,917,0,0,0
2023-11-02,823,0,0,0
2023-11-03,716,0,0,0
2023-11-04,547,0,0,0
2023-11-05,573,0,0,0
2023-11-06,1814,0,0,0
2023-11-07,1023,0,0,0
2023-11-08,1033,0,0,0
2023-11-09,933,0,0,0
2023-11-10,789,0,0,0
2023-11-11,533,0,0,0
2023-11-12,592,0,0,0
2023-11-13,1708,0,0,0
2023-11-14,1026,0,0,0
2023-11-15,915,0,0,0
2023-11-16,758,0,0,0
2023-11-17,761,0,0,0
2023-11-18,547,0,0,0
2023-11-19,611,0,0,0
2023-11-20,1958,0,0,0
2023-11-21,1021,0,0,0
2023-11-22,759,0,0,0
2023-11-23,491,0,0,0
2023-11-24,754,0,0,0
2023-11-25,587,0,0,0
2023-11-26,748,0,0,0
2023-11-27,2626,0,0,0
2023-11-28,1362,0,0,0
2023-11-29,1252,0,0,0
2023-11-30,934,0,0,0
2023-12-01,1000,0,0,0
2023-12-02,665,0,0,0
2023-12-03,639,0,0,0
2023-12-04,2980,0,0,0
2023-12-05,1401,0,0,0
2023-12-06,1312,0,0,0
2023-12-07,1164,0,0,0
2023-12-08,986,0,0,0
2023-12-09,631,0,0,0
2023-12-10,821,0,0,0
2023-12-11,2618,0,0,0
2023-12-12,1394,0,0,0
2023-12-13,1446,0,0,0
2023-12-14,1227,0,0,0
2023-12-15,1058,0,0,0
2023-12-16,701,0,0,0
2023-12-17,820,0,0,0
2023-12-18,2478,0,0,0
2023-12-19,1529,0,0,0
2023-12-20,1396,0,0,0
2023-12-21,1190,0,0,0
2023-12-22,1054,0,0,0
2023-12-23,701,0,0,0
2023-12-24,661,0,0,0
2023-12-25,1032,0,0,0
2023-12-26,1522,0,0,0
2023-12-27,1574,0,0,0
2023-12-28,1480,0,0,0
2023-12-29,1295,0,0,0
2023-12-30,767,0,0,0
2023-12-31,784,0,0,0
2024-01-01,1151,0,0,0
2024-01-02,1911,0,0,0
2024-01-03,1625,0,0,0
2024-01-04,1452,0,0,0
2024-01-05,1056,0,0,0
2024-01-06,704,0,0,0
2024-01-07,668,0,0,0
2024-01-08,1737,0,0,0
2024-01-09,1153,0,0,0
2024-01-10,1208,0,0,0
2024-01-11,1233,0,0,0
2024-01-12,901,0,0,0
2024-01-13,607,0,0,0
2024-01-14,639,0,0,0
2024-01-15,1058,0,0,0
2024-01-16,1086,0,0,0
2024-01-17,1096,0,0,0
2024-01-18,985,0,0,0
2024-01-19,702,0,0,0
2024-01-20,530,0,0,0
2024-01-21,620,0,0,0
2024-01-22,1302,0,0,0
2024-01-23,1176,0,0,0
2024-01-24,1107,0,0,0
2024-01-25,939,0,0,0
2024-01-26,713,0,0,0
2024-01-27,461,0,0,0
2024-01-28,425,0,0,0
2024-01-29,1153,0,0,0
2024-01-30,995,0,0,0
2024-01-31,960,0,0,0
2024-02-01,821,0,0,0
2024-02-02,704,0,0,0
2024-02-03,458,0,0,0
2024-02-04,434,0,0,0
2024-02-05,1070,0,0,0
2024-02-06,1072,0,0,0
2024-02-07,886,0,0,0
2024-02-08,764,0,0,0
2024-02-09,678,0,0,0
2024-02-10,412,0,0,0
2024-02-11,398,0,0,0
2024-02-12,950,0,0,0
2024-02-13,638,0,0,0
2024-02-14,680,0,0,0
2024-02-15,613,0,0,0
2024-02-16,500,0,0,0
2024-02-17,329,0,0,0
2024-02-18,348,0,0,0
2024-02-19,618,0,0,0
2024-02-20,750,0,0,0
2024-02-21,667,0,0,0
2024-02-22,622,0,0,0
2024-02-23,483,0,0,0
2024-02-24,235,0,0,0
2024-02-25,298,0,0,0
2024-02-26,603,0,0,0
2024-02-27,547,0,0,0
2024-02-28,492,0,0,0
2024-02-29,354,0,0,0
2024-03-01,318,0,0,0
2024-03-02,192,0,0,0
2024-03-03,180,0,0,0
2024-03-04,456,0,0,0
2024-03-05,396,0,0,0
2024-03-06,433,0,0,0
2024-03-07,361,0,0,0
2024-03-08,304,0,0,0
2024-03-09,191,0,0,0
2024-03-10,191,0,0,0
2024-03-11,373,0,0,0
2024-03-12,310,0,0,0
2024-03-13,349,0,0,0
2024-03-14,329,0,0,0
2024-03-15,237,0,0,0
2024-03-16,151,0,0,0
2024-03-17,152,0,0,0
2024-03-18,316,0,0,0
2024-03-19,266,0,0,0
2024-03-20,284,0,0,0
2024-03-21,277,0,0,0
2024-03-22,270,0,0,0
2024-03-23,166,0,0,0
2024-03-24,202,0,0,0
2024-03-25,320,0,0,0
2024-03-26,289,0,0,0
2024-03-27,297,0,0,0
2024-03-28,242,0,0,0
2024-03-29,171,0,0,0
2024-03-30,120,0,0,0
2024-03-31,135,0,0,0
2024-04-01,267,0,0,0
2024-04-02,310,0,0,0
2024-04-03,316,0,0,0
2024-04-04,248,0,0,0
2024-04-05,223,0,0,0
2024-04-06,159,0,0,0
2024-04-07,164,0,0,0
2024-04-08,285,0,0,0
2024-04-09,226,0,0,0
2024-04-10,237,0,0,0
2024-04-11,220,0,0,0
2024-04-12,219,0,0,0
2024-04-13,118,0,0,0
2024-04-14,110,0,0,0
2024-04-15,256,0,0,0
2024-04-16,224,0,0,0
2024-04-17,262,0,0,0
2024-04-18,239,0,0,0
2024-04-19,218,0,0,0
2024-04-20,123,0,0,0
2024-04-21,149,0,0,0
2024-04-22,281,0,0,0
2024-04-23,264,0,0,0
2024-04-24,291,0,0,0
2024-04-25,248,0,0,0
2024-04-26,233,0,0,0
2024-04-27,144,0,0,0
2024-04-28,156,0,0,0
2024-04-29,342,0,0,0
2024-04-30,347,0,0,0
2024-05-01,316,0,0,0
2024-05-02,316,0,0,0
2024-05-03,304,0,0,0
2024-05-04,168,0,0,0
2024-05-05,181,0,0,0
2024-05-06,312,0,0,0
2024-05-07,348,0,0,0
2024-05-08,342,0,0,0
2024-05-09,374,0,0,0
2024-05-10,287,0,0,0
2024-05-11,216,0,0,0
2024-05-12,178,0,0,0
2024-05-13,375,0,0,0
2024-05-14,369,0,0,0
2024-05-15,313,0,0,0
2024-05-16,329,0,0,0
2024-05-17,267,0,0,0
2024-05-18,157,0,0,0
2024-05-19,207,0,0,0
2024-05-20,378,0,0,0
2024-05-21,339,0,0,0
2024-05-22,347,0,0,0
2024-05-23,305,0,0,0
2024-05-24,315,0,0,0
2024-05-25,186,0,0,0
2024-05-26,217,0,0,0
2024-05-27,233,0,0,0
2024-05-28,407,0,0,0
2024-05-29,363,0,0,0
2024-05-30,414,0,0,0
2024-05-31,444,0,0,0
2024-06-01,237,0,0,0
2024-06-02,280,0,0,0
2024-06-03,473,0,0,0
2024-06-04,472,0,0,0
2024-06-05,495,0,0,0
2024-06-06,440,0,0,0
2024-06-07,415,0,0,0
2024-06-08,259,0,0,0
2024-06-09,317,0,0,0
2024-06-10,689,0,0,0
2024-06-11,575,0,0,0
2024-06-12,631,0,0,0
2024-06-13,617,0,0,0
2024-06-14,617,0,0,0
2024-06-15,354,0,0,0
2024-06-16,431,0,0,0
2024-06-17,787,0,0,0
2024-06-18,722,0,0,0
2024-06-19,748,0,0,0
2024-06-20,785,0,0,0
2024-06-21,644,0,0,0
2024-06-22,413,0,0,0
2024-06-23,393,0,0,0
2024-06-24,886,0,0,0
2024-06-25,781,0,0,0
2024-06-26,854,0,0,0
2024-06-27,773,0,0,0
2024-06-28,703,0,0,0
2024-06-29,390,0,0,0
2024-06-30,412,0,0,0
2024-07-01,1075,0,0,0
2024-07-02,702,0,0,0
2024-07-03,715,0,0,0
2024-07-04,430,0,0,0
2024-07-05,695,0,0,0
2024-07-06,438,0,0,0
2024-07-07,480,0,0,0
2024-07-08,1152,0,0,0
2024-07-09,921,0,0,0
2024-07-10,842,0,0,0
2024-07-11,710,0,0,0
2024-07-12,745,0,0,0
2024-07-13,409,0,0,0
2024-07-14,472,0,0,0
2024-07-15,1129,0,0,0
2024-07-16,794,0,0,0
2024-07-17,705,0,0,0
2024-07-18,722,0,0,0
2024-07-19,526,0,0,0
2024-07-20,460,0,0,0
2024-07-21,526,0,0,0
2024-07-22,1163,0,0,0
2024-07-23,908,0,0,0
2024-07-24,859,0,0,0
2024-07-25,732,0,0,0
2024-07-26,680,0,0,0
2024-07-27,469,0,0,0
2024-07-28,559,0,0,0
2024-07-29,1218,0,0,0
2024-07-30,801,0,0,0
2024-07-31,835,0,0,0
2024-08-01,744,0,0,0
2024-08-02,683,0,0,0
2024-08-03,427,0,0,0
2024-08-04,494,0,0,0
2024-08-05,1195,0,0,0
2024-08-06,898,0,0,0
2024-08-07,814,0,0,0
2024-08-08,739,0,0,0
2024-08-09,717,0,0,0
2024-08-10,445,0,0,0
2024-08-11,439,0,0,0
2024-08-12,1024,0,0,0
2024-08-13,801,0,0,0
2024-08-14,741,0,0,0
2024-08-15,718,0,0,0
2024-08-16,658,0,0,0
2024-08-17,399,0,0,0
2024-08-18,495,0,0,0
2024-08-19,1203,0,0,0
2024-08-20,823,0,0,0
2024-08-21,688,0,0,0
2024-08-22,565,0,0,0
2024-08-23,580,0,0,0
2024-08-24,389,0,0,0
2024-08-25,369,0,0,0
2024-08-26,1092,0,0,0
2024-08-27,780,0,0,0
2024-08-28,661,0,0,0
2024-08-29,652,0,0,0
2024-08-30,512,0,0,0
2024-08-31,294,0,0,0
2024-09-01,318,0,0,0
2024-09-02,796,0,0,0
2024-09-03,775,0,0,0
2024-09-04,700,0,0,0
2024-09-05,610,0,0,0
2024-09-06,523,0,0,0
2024-09-07,284,0,0,0
2024-09-08,370,0,0,0
2024-09-09,920,0,0,0
2024-09-10,645,0,0,0
2024-09-11,612,0,0,0
2024-09-12,636,0,0,0
2024-09-13,505,0,0,0
2024-09-14,345,0,0,0
2024-09-15,358,0,0,0
2024-09-16,844,0,0,0
2024-09-17,693,0,0,0
2024-09-18,667,0,0,0
2024-09-19,532,0,0,0
2024-09-20,394,0,0,0
2024-09-21,240,0,0,0
2024-09-22,349,0,0,0
2024-09-23,742,0,0,0
2024-09-24,514,0,0,0
2024-09-25,454,0,0,0
2024-09-26,412,0,0,0
2024-09-27,344,0,0,0
2024-09-28,227,0,0,0
2024-09-29,233,0,0,0
2024-09-30,780,0,0,0
2024-10-01,433,0,0,0
2024-10-02,390,0,0,0
2024-10-03,329,0,0,0
2024-10-04,288,0,0,0
2024-10-05,191,0,0,0
2024-10-06,214,0,0,0
2024-10-07,719,0,0,0
2024-10-08,434,0,0,0
2024-10-09,345,0,0,0
2024-10-10,318,0,0,0
2024-10-11,281,0,0,0
2024-10-12,140,0,0,0
2024-10-13,180,0,0,0
2024-10-14,563,0,0,0
2024-10-15,344,0,0,0
2024-10-16,329,0,0,0
2024-10-17,252,0,0,0
2024-10-18,198,0,0,0
2024-10-19,144,0,0,0
2024-10-20,172,0,0,0
2024-10-21,464,0,0,0
2024-10-22,320,0,0,0
2024-10-23,283,0,0,0
2024-10-24,244,0,0,0
2024-10-25,225,0,0,0
2024-10-26,132,0,0,0
2024-10-27,166,0,0,0
2024-10-28,509,0,0,0
2024-10-29,291,0,0,0
2024-10-30,281,0,0,0
2024-10-31,232,0,0,0
2024-11-01,239,0,0,0
2024-11-02,116,0,0,0
2024-11-03,139,0,0,0
2024-11-04,457,0,0,0
2024-11-05,283,0,0,0
2024-11-06,305,0,0,0
2024-11-07,232,0,0,0
2024-11-08,190,0,0,0
2024-11-09,104,0,0,0
2024-11-10,115,0,0,0
2024-11-11,342,0,0,0
2024-11-12,238,0,0,0
2024-11-13,248,0,0,0
2024-11-14,242,0,0,0
2024-11-15,206,0,0,0
2024-11-16,118,0,0,0
2024-11-17,142,0,0,0
2024-11-18,407,0,0,0
2024-11-19,241,0,0,0
2024-11-20,228,0,0,0
2024-11-21,212,0,0,0
2024-11-22,216,0,0,0
2024-11-23,109,0,0,0
2024-11-24,138,0,0,0
2024-11-25,449,0,0,0
2024-11-26,281,0,0,0
2024-11-27,225,0,0,0
2024-11-28,148,0,0,0
2024-11-29,158,0,0,0
2024-11-30,141,0,0,0
2024-12-01,172,0,0,0
2024-12-02,494,0,0,0
2024-12-03,343,0,0,0
2024-12-04,271,0,0,0
2024-12-05,256,0,0,0
2024-12-06,210,0,0,0
2024-12-07,174,0,0,0
2024-12-08,164,0,0,0
2024-12-09,478,0,0,0
2024-12-10,342,0,0,0
2024-12-11,298,0,0,0
2024-12-12,262,0,0,0
2024-12-13,269,0,0,0
2024-12-14,150,0,0,0
2024-12-15,165,0,0,0
2024-12-16,474,0,0,0
2024-12-17,309,0,0,0
2024-12-18,329,0,0,0
2024-12-19,280,0,0,0
2024-12-20,277,0,0,0
2024-12-21,147,0,0,0
2024-12-22,169,0,0,0
2024-12-23,413,0,0,0
2024-12-24,296,0,0,0
2024-12-25,160,0,0,0
2024-12-26,360,0,0,0
2024-12-27,344,0,0,0
2024-12-28,262,0,0,0
2024-12-29,280,0,0,0
2024-12-30,498,0,0,0
2024-12-31,331,0,0,0
2025-01-01,221,0,0,0
2025-01-02,376,0,0,0
2025-01-03,312,0,0,0
2025-01-04,216,0,0,0
2025-01-05,234,0,0,0
2025-01-06,432,0,0,0
2025-01-07,386,0,0,0
2025-01-08,294,0,0,0
2025-01-09,287,0,0,0
2025-01-10,216,0,0,0
2025-01-11,131,0,0,0
2025-01-12,179,0,0,0
2025-01-13,388,0,0,0
2025-01-14,303,0,0,0
2025-01-15,281,0,0,0
2025-01-16,282,0,0,0
2025-01-17,245,0,0,0
2025-01-18,142,0,0,0
2025-01-19,140,0,0,0
2025-01-20,331,0,0,0
2025-01-21,345,0,0,0
2025-01-22,289,0,0,0
2025-01-23,316,0,0,0
2025-01-24,218,0,0,0
2025-01-25,134,0,0,0
2025-01-26,154,0,0,0
2025-01-27,334,0,0,0
2025-01-28,248,0,0,0
2025-01-29,226,0,0,0
2025-01-30,216,0,0,0
2025-01-31,209,0,0,0
2025-02-01,148,0,0,0
2025-02-02,179,0,0,0
2025-02-03,405,0,0,0
2025-02-04,369,0,0,0
2025-02-05,292,0,0,0
2025-02-06,248,0,0,0
2025-02-07,207,0,0,0
2025-02-08,149,0,0,0
2025-02-09,146,0,0,0
2025-02-10,347,0,0,0
2025-02-11,261,0,0,0
2025-02-12,244,0,0,0
2025-02-13,219,0,0,0
2025-02-14,224,0,0,0
2025-02-15,151,0,0,0
2025-02-16,124,0,0,0
2025-02-17,315,0,0,0
2025-02-18,249,0,0,0
2025-02-19,227,0,0,0
2025-02-20,243,0,0,0
2025-02-21,181,0,0,0
2025-02-22,137,0,0,0
2025-02-23,97,0,0,0
2025-02-24,303,0,0,0
2025-02-25,252,0,0,0
2025-02-26,231,0,0,0
2025-02-27,225,0,0,0
2025-02-28,163,0,0,0
2025-03-01,92,0,0,0
2025-03-02,116,0,0,0
2025-03-03,289,0,0,0
2025-03-04,203,0,0,0
2025-03-05,179,0,0,0
2025-03-06,204,0,0,0
2025-03-07,187,0,0,0
2025-03-08,97,0,0,0
2025-03-09,99,0,0,0
2025-03-10,244,0,0,0
2025-03-11,193,0,0,0
2025-03-12,159,0,0,0
2025-03-13,167,0,0,0
2025-03-14,129,0,0,0
2025-03-15,89,0,0,0
2025-03-16,86,0,0,0
2025-03-17,192,0,0,0
2025-03-18,114,0,0,0
2025-03-19,104,0,0,0
2025-03-20,118,0,0,0
2025-03-21,107,0,0,0
2025-03-22,81,0,0,0
2025-03-23,80,0,0,0
2025-03-24,179,0,0,0
2025-03-25,155,0,0,0
2025-03-26,146,0,0,0
2025-03-27,122,0,0,0
2025-03-28,110,0,0,0
2025-03-29,40,0,0,0
2025-03-30,74,0,0,0
2025-03-31,133,0,0,0
2025-04-01,114,0,0,0
2025-04-02,106,0,0,0
2025-04-03,85,0,0,0
2025-04-04,68,0,0,0
2025-04-05,39,0,0,0
2025-04-06,29,0,0,0
2025-04-07,102,0,0,0
2025-04-08,96,0,0,0
2025-04-09,85,0,0,0
2025-04-10,74,0,0,0
2025-04-11,44,0,0,0
2025-04-12,19,0,0,0
2025-04-13,15,0,0,0
2025-04-14,43,0,0,0
2025-04-15,17,0,0,0
2025-04-16,7,0,0,0
2025-04-17,1,0,0,0
2025-04-18,5,0,0,0
2025-04-19,2,0,0,0
