date,total_count,proportion,ci_lower,ci_upper
2019-12-23,1,1.0,0.20654329147389294,1.0
2019-12-26,2,1.0,0.3423719528896193,1.0
2019-12-30,13,1.0,0.7718981569447084,1.0
2019-12-31,1,1.0,0.09452865480086611,0.905471345199134
2020-01-01,3,1.0,0.4384939195509822,1.0
2020-01-02,2,1.0,0.3423719528896193,1.0
2020-01-03,1,1.0,0.20654329147389294,1.0
2020-01-04,1,1.0,0.20654329147389294,1.0
2020-01-05,2,1.0,0.3423719528896193,1.0
2020-01-07,1,1.0,0.20654329147389294,1.0
2020-01-08,2,1.0,0.3423719528896193,1.0
2020-01-10,14,1.0,0.7846829880728186,1.0
2020-01-11,1,1.0,0.20654329147389294,1.0
2020-01-12,25,1.0,0.8668035060468212,1.0
2020-01-13,1,1.0,0.20654329147389294,1.0
2020-01-14,11,1.0,0.7411599827511859,1.0
2020-01-15,19,1.0,0.8318156346315495,1.0000000000000002
2020-01-16,9,1.0,0.7008472464490406,1.0
2020-01-17,2,1.0,0.3423719528896193,1.0
2020-01-19,23,1.0,0.8568788745827373,1.0000000000000002
2020-01-20,5,1.0,0.565508505247919,1.0000000000000002
2020-01-21,8,1.0,0.6755843804891231,1.0
2020-01-22,25,1.0,0.8668035060468212,1.0
2020-01-23,13,1.0,0.7718981569447084,1.0
2020-01-24,9,1.0,0.7008472464490406,1.0
2020-01-25,25,1.0,0.8668035060468212,1.0
2020-01-26,16,1.0,0.8063865817272801,1.0
2020-01-27,20,1.0,0.8388698745050667,0.9999999999999998
2020-01-28,11,1.0,0.7411599827511859,1.0
2020-01-29,46,1.0,0.9229238226702192,1.0
2020-01-30,22,1.0,0.8513404742740388,1.0000000000000002
2020-01-31,15,1.0,0.7167073163197013,0.9888809426916687
2020-02-01,18,1.0,0.8241154494176252,1.0000000000000002
2020-02-02,18,1.0,0.8241154494176252,1.0000000000000002
2020-02-03,21,1.0,0.7320359570190598,0.9758205045927666
2020-02-04,10,1.0,0.7224598312333834,1.0
2020-02-05,16,1.0,0.8063865817272801,1.0
2020-02-06,32,1.0,0.8468093832683193,0.9946307279103483
2020-02-07,30,1.0,0.886482908609522,1.0
2020-02-08,27,1.0,0.8754409628553642,1.0
2020-02-09,25,1.0,0.8668035060468212,1.0
2020-02-10,22,1.0,0.8513404742740388,1.0000000000000002
2020-02-11,25,1.0,0.8668035060468212,1.0
2020-02-12,11,1.0,0.6461140782014047,0.9851352905492264
2020-02-13,15,1.0,0.7961107336956521,1.0
2020-02-14,9,1.0,0.5958436145024278,0.9821242504842789
2020-02-15,40,1.0,0.9123754607496077,1.0
2020-02-16,36,0.9722222222222222,0.8582996626496918,0.9950797197044302
2020-02-17,47,0.9148936170212766,0.8006819480497736,0.9664064205302869
2020-02-18,22,1.0,0.7900841350594088,0.9922835330378733
2020-02-19,16,1.0,0.8063865817272801,1.0
2020-02-20,11,1.0,0.7411599827511859,1.0
2020-02-21,17,1.0,0.8156763396284354,1.0
2020-02-22,13,1.0,0.7718981569447084,1.0
2020-02-23,12,1.0,0.7574992425007574,0.9999999999999998
2020-02-24,30,1.0,0.7985253275199642,0.9826897968048427
2020-02-25,35,1.0,0.8582996626496918,0.9950797197044302
2020-02-26,28,1.0,0.8282410893529976,0.9938869433859677
2020-02-27,63,1.0,0.9425268096514744,0.9999999999999998
2020-02-28,66,1.0,0.8620785266792448,0.9775565841525897
2020-02-29,82,1.0,0.9172839887867146,0.9934462347064822
2020-03-01,142,1.0,0.883138307650452,0.9638755833773609
2020-03-02,190,1.0,0.8775680125251183,0.9516288674071735
2020-03-03,218,1.0,0.9317164784470457,0.9819562422440735
2020-03-04,224,1.0,0.9084270072861482,0.9676674880169889
2020-03-05,234,1.0,0.9166843284725235,0.9718786650401662
2020-03-06,195,1.0,0.875344827908588,0.9493340106470936
2020-03-07,177,1.0,0.9688677124404922,0.9990076252160178
2020-03-08,208,1.0,0.9462345682418408,0.9899326616623843
2020-03-09,377,1.0,0.962855253376226,0.9911424611546549
2020-03-10,414,1.0,0.9542533557675912,0.9854875648893601
2020-03-11,526,1.0,0.9781486815613223,0.9959715065467083
2020-03-12,715,1.0,0.9747973851360326,0.992490980401829
2020-03-13,805,1.0,0.9715122076367784,0.9897906725287359
2020-03-14,837,1.0,0.9913501863768936,0.9993460488350371
2020-03-15,980,1.0,0.9827957494748006,0.9952051723238026
2020-03-16,1236,1.0,0.9832683073527657,0.9944911791509581
2020-03-17,1171,1.0,0.984483529559494,0.9953942870195321
2020-03-18,1159,1.0,0.980065825841432,0.9928773467996439
2020-03-19,1141,1.0,0.9797567658249606,0.9927661398076989
2020-03-20,1122,1.0,0.9815947523527171,0.9939364639431189
2020-03-21,980,1.0,0.9802334973359371,0.9937909101677299
2020-03-22,849,1.0,0.96606517049892,0.9859426254126308
2020-03-23,1655,1.0,0.9760597918824809,0.9884646779906833
2020-03-24,1769,1.0,0.9706488261619796,0.9841807792516505
2020-03-25,1637,1.0,0.9744253801619178,0.9873653724743585
2020-03-26,1680,1.0,0.9737325300701961,0.986729088298306
2020-03-27,1685,1.0,0.9785063477027275,0.9900779135265484
2020-03-28,1354,1.0,0.9742150643352164,0.9882686240991163
2020-03-29,1256,1.0,0.9768421859942712,0.990439453889824
2020-03-30,1790,1.0,0.9673446851350241,0.9816223166991739
2020-03-31,1859,1.0,0.9577251899095872,0.9738511264830004
2020-04-01,1877,1.0,0.965956133010114,0.9802633808018943
2020-04-02,1565,1.0,0.9600907831704731,0.9769601617427991
2020-04-03,1669,1.0,0.9644094018398232,0.9798311843782438
2020-04-04,1233,1.0,0.9574959776226241,0.9768407482484628
2020-04-05,995,1.0,0.9805265918321252,0.9938836523091342
2020-04-06,1714,1.0,0.9710106324781083,0.9846311758765602
2020-04-07,1458,1.0,0.968325110777711,0.9836473440597531
2020-04-08,1518,1.0,0.9589006878481642,0.97626680453299
2020-04-09,1157,1.0,0.9769322947496514,0.9909397858425099
2020-04-10,1237,1.0,0.9655073358304294,0.982723953348978
2020-04-11,1023,1.0,0.9650214526296015,0.9837906118485482
2020-04-12,859,1.0,0.9789474753448792,0.9937376029098693
2020-04-13,1332,1.0,0.9637837719029364,0.9809317112840439
2020-04-14,1247,1.0,0.9657756110065592,0.9828595401696858
2020-04-15,1173,1.0,0.9665109838390059,0.9838214084024308
2020-04-16,1137,1.0,0.9714262592545501,0.9874317657765462
2020-04-17,1020,1.0,0.9671270336914213,0.985261560724391
2020-04-18,773,1.0,0.9570153800655474,0.9806702816954811
2020-04-19,663,1.0,0.9535214179352964,0.9798330055249886
2020-04-20,1120,1.0,0.9610494932148478,0.9802559590201297
2020-04-21,1087,1.0,0.9765664307429525,0.9910516999814439
2020-04-22,1101,1.0,0.9664109099067856,0.9842085225583802
2020-04-23,939,1.0,0.9561472125316667,0.9782289490140565
2020-04-24,916,1.0,0.9515678420953112,0.9751339307911789
2020-04-25,558,1.0,0.9614397710336997,0.986647493353568
2020-04-26,477,0.9979035639412998,0.9600106194826918,0.9873418461599922
2020-04-27,1038,1.0,0.9549736453157609,0.9764539666932848
2020-04-28,885,0.9988700564971752,0.9278708238660306,0.9573847340918209
2020-04-29,1114,1.0,0.950313875407358,0.9722926197423679
2020-04-30,1126,0.9991119005328597,0.955471024112687,0.9761035786440196
2020-05-01,1032,1.0,0.9887627057133322,0.9979388250479286
2020-05-02,599,1.0,0.9397438764439618,0.9714553826381347
2020-05-03,500,1.0,0.9163187772155981,0.9570736581608266
2020-05-04,1003,0.9980059820538385,0.9460166220308589,0.9700723068003987
2020-05-05,947,1.0,0.9508352377454714,0.974262668449601
2020-05-06,805,0.9987577639751553,0.946463332640773,0.972757625216042
2020-05-07,731,1.0,0.9471991273319502,0.9743552294309741
2020-05-08,680,1.0,0.9681709240764379,0.9890049965345015
2020-05-09,512,0.99609375,0.9748657998480601,0.9946603019491027
2020-05-10,458,0.9868995633187773,0.9502077011567328,0.9820213734931065
2020-05-11,803,1.0,0.9714429787536809,0.989765614962817
2020-05-12,778,1.0,0.9572813713321335,0.9807914121820388
2020-05-13,770,1.0,0.9671898906400452,0.9874318968170855
2020-05-14,793,1.0,0.965189625073681,0.9859154731441813
2020-05-15,534,0.99812734082397,0.9710943671134747,0.9924884430096877
2020-05-16,295,1.0,0.925395578637772,0.972822561149264
2020-05-17,248,1.0,0.9080415455458376,0.9651356502137439
2020-05-18,557,0.9982046678635548,0.9241822807677009,0.9611897512084225
2020-05-19,670,0.9985074626865672,0.9196380414646751,0.9548570982422098
2020-05-20,503,0.9980119284294234,0.9146405662742217,0.9557450906609518
2020-05-21,481,1.0,0.9302598577678889,0.9678585350679169
2020-05-22,596,0.9966442953020134,0.918547900220866,0.9558837192264933
2020-05-23,280,1.0,0.9461535293261379,0.9858589048162189
2020-05-24,276,1.0,0.9590295678399117,0.9923764065683207
2020-05-25,307,0.996742671009772,0.938941250690047,0.9805155778508903
2020-05-26,539,1.0,0.9515824747279676,0.9808241202803347
2020-05-27,539,0.9981447124304267,0.9622540566982358,0.9874759744153533
2020-05-28,352,1.0,0.9336664798022326,0.9750773073025581
2020-05-29,384,0.9895833333333334,0.9472612488839746,0.9824035463270391
2020-05-30,277,0.9963898916967509,0.9368436672029673,0.9808989894757151
2020-05-31,216,1.0,0.9743623818582131,0.9991860800257798
2020-06-01,518,0.9961389961389961,0.9388627532823667,0.9728428079000896
2020-06-02,600,0.9983333333333333,0.9700397575458245,0.9910568781916973
2020-06-03,405,0.9925925925925926,0.9589118424531959,0.9884377001191981
2020-06-04,455,1.0,0.9635514812320398,0.9897626319207881
2020-06-05,399,0.9949874686716792,0.9244209441284119,0.9669088820433075
2020-06-06,225,1.0,0.9501282146821269,0.9906795799959799
2020-06-07,349,1.0,0.9529188482463802,0.9867188274658651
2020-06-08,619,1.0,0.9729894353329723,0.9924424070781634
2020-06-09,523,0.9980879541108987,0.9334018630996707,0.9688538851953018
2020-06-10,583,1.0,0.9436927797035725,0.9745784566305841
2020-06-11,742,0.9986522911051213,0.9567291464002741,0.9808830019234476
2020-06-12,668,0.9940119760479041,0.9421418043669412,0.9718593131287648
2020-06-13,637,0.9984301412872841,0.9698144321489268,0.9904806688403156
2020-06-14,552,1.0,0.9526763923911585,0.9812641594123418
2020-06-15,839,1.0,0.9643110168235216,0.9848782665860869
2020-06-16,752,1.0,0.9695564514948881,0.9890823126352914
2020-06-17,662,1.0,0.9728257735516298,0.991897321327407
2020-06-18,726,0.9986225895316805,0.9786125067437575,0.9944595890771082
2020-06-19,738,1.0,0.9722429114956902,0.9908241307052178
2020-06-20,418,1.0,0.966396481199683,0.9919993460708058
2020-06-21,472,1.0,0.9546845096866755,0.9842699491809822
2020-06-22,565,1.0,0.9704718304661831,0.991729575593886
2020-06-23,612,1.0,0.9647402461923639,0.9878048780487805
2020-06-24,693,1.0,0.9619907853665479,0.9849980143895886
2020-06-25,557,1.0,0.9490568937558379,0.978782709335765
2020-06-26,471,1.0,0.9728316501880118,0.994222781042564
2020-06-27,377,1.0,0.9770486911603112,0.9973115657790095
2020-06-28,278,1.0,0.9743343022395989,0.9980390214733451
2020-06-29,584,1.0,0.9571237027023953,0.9835203337468988
2020-06-30,577,1.0,0.9626692536482192,0.9870789620375799
2020-07-01,593,1.0,0.9200967224082522,0.9570940457584316
2020-07-02,739,1.0,0.9611829983163807,0.9838953486785853
2020-07-03,510,0.9980392156862745,0.9555724807928324,0.9839888598454163
2020-07-04,318,1.0,0.9447965890671502,0.9833570842516861
2020-07-05,280,1.0,0.9102548436449679,0.96395936077357
2020-07-06,665,1.0,0.9674728024633252,0.9887610207589599
2020-07-07,724,1.0,0.9635673668144435,0.9856277372184139
2020-07-08,829,1.0,0.9767038213778431,0.9926724217464591
2020-07-09,756,1.0,0.9847122264050547,0.997190431609363
2020-07-10,595,1.0,0.9740410040930123,0.9932624899324467
2020-07-11,415,1.0,0.9826831012885615,0.9986837597822071
2020-07-12,337,1.0,0.9743827081768994,0.9969948098430261
2020-07-13,726,1.0,0.9768932011029685,0.9935448467817201
2020-07-14,737,1.0,0.9772314957551759,0.9936402190176509
2020-07-15,924,0.9989177489177489,0.9674677221182781,0.9862292848573344
2020-07-16,704,1.0,0.9625655990913148,0.9852276842963936
2020-07-17,695,1.0,0.9688397092669434,0.9892386047849467
2020-07-18,580,1.0,0.9755912439738638,0.9942118301495559
2020-07-19,437,1.0,0.9801477329182605,0.9976785907071049
2020-07-20,689,1.0,0.985253560724511,0.9977531943257042
2020-07-21,790,1.0,0.9871187119841359,0.9980392441815991
2020-07-22,642,1.0,0.9719991655744964,0.9916481541441674
2020-07-23,824,1.0,0.978069742485987,0.9934742820647156
2020-07-24,666,1.0,0.9729852731674103,0.9919453812673874
2020-07-25,466,1.0,0.9725468008993146,0.9941614482323293
2020-07-26,322,1.0,0.973216019772053,0.9968558932705789
2020-07-27,828,0.998792270531401,0.9751673011798077,0.9917996828893224
2020-07-28,684,1.0,0.9831255178981424,0.9968964669249396
2020-07-29,682,1.0,0.9665208093089491,0.987980895076729
2020-07-30,624,1.0,0.9815278430134663,0.9966000171019243
2020-07-31,580,0.9982758620689656,0.9755499464195093,0.9942019327290622
2020-08-01,542,1.0,0.9813160918517652,0.9971475238513755
2020-08-02,440,1.0,0.9739700467958989,0.9951914569506345
2020-08-03,902,1.0,0.970575467095418,0.9884190125639298
2020-08-04,757,0.9986789960369881,0.9745027059546107,0.9919734157284951
2020-08-05,598,0.9983277591973244,0.969941926756474,0.9910273327045711
2020-08-06,710,0.9985915492957746,0.9781386733164767,0.9943357232777263
2020-08-07,574,0.9982578397212544,0.9543427560034778,0.9819338537860688
2020-08-08,405,1.0,0.9786071396383632,0.9974962943032298
2020-08-09,449,1.0,0.9875209232740368,0.9996076255412326
2020-08-10,795,1.0,0.9638320209636576,0.9850069718192969
2020-08-11,759,1.0,0.9746013263365016,0.9920047594567668
2020-08-12,688,1.0,0.9793569300356562,0.9951128210495682
2020-08-13,785,1.0,0.9770012840831713,0.9931535000442451
2020-08-14,708,1.0,0.9728137257205197,0.9914362565715897
2020-08-15,413,1.0,0.9755984498300576,0.9962636474531005
2020-08-16,366,1.0,0.9763724907158297,0.9972313131515499
2020-08-17,857,1.0,0.9690714078622894,0.9878210428942024
2020-08-18,781,1.0,0.9603023527174792,0.982811033337547
2020-08-19,766,1.0,0.9685540367929116,0.9883269440317541
2020-08-20,938,0.997867803837953,0.9716182908210443,0.9888332614526025
2020-08-21,761,1.0,0.968353008420261,0.9882515122926632
2020-08-22,363,1.0,0.9846043611411708,0.9995148901887498
2020-08-23,357,0.9971988795518207,0.9643159490063952,0.9923822504329249
2020-08-24,671,1.0,0.9491313999081821,0.9766864105942266
2020-08-25,721,1.0,0.9586786337303034,0.9824610663079328
2020-08-26,968,1.0,0.9574117892114431,0.97886396535894
2020-08-27,907,0.9977949283351709,0.9630837887965936,0.9834290090866519
2020-08-28,749,1.0,0.969437687035853,0.989039265701192
2020-08-29,540,0.9981481481481481,0.9761913298928343,0.9949449688133865
2020-08-30,651,1.0,0.9889019688125303,0.999159688670796
2020-08-31,1043,1.0,0.986302926100151,0.9967670153407638
2020-09-01,946,1.0,0.9769456358801724,0.9920611041692813
2020-09-02,771,0.9987029831387808,0.9798413693974609,0.9947806000654073
2020-09-03,953,1.0,0.9708876777308661,0.9882425030082407
2020-09-04,812,1.0,0.9717518877692272,0.9898774159436742
2020-09-05,434,1.0,0.9676018381628513,0.992290402131222
2020-09-06,319,1.0,0.9775705009743739,0.9982897336753754
2020-09-07,893,1.0,0.9840327817429729,0.9962274762491352
2020-09-08,838,1.0,0.9814518019323738,0.9952007883856338
2020-09-09,1381,1.0,0.9859048834028362,0.9955818411653383
2020-09-10,1648,1.0,0.9745922757729906,0.9874483825149243
2020-09-11,896,1.0,0.9826350479162177,0.9955091569759131
2020-09-12,390,1.0,0.974190235739577,0.9960451544257551
2020-09-13,368,1.0,0.9726822771092816,0.9958108327540225
2020-09-14,836,0.9988038277511961,0.9655131150739821,0.9857114466632897
2020-09-15,836,1.0,0.9768950836106606,0.9927331057021328
2020-09-16,2016,1.0,0.9763600689281917,0.9877045090908634
2020-09-17,983,1.0,0.9841515791028588,0.9959039392831838
2020-09-18,1252,1.0,0.9721652392971885,0.9873284980528086
2020-09-19,799,1.0,0.9728019814994713,0.9906203298903867
2020-09-20,690,1.0,0.9832702155938309,0.9969232932070191
2020-09-21,1473,1.0,0.9724085501176134,0.9865236509850791
2020-09-22,1047,1.0,0.9768268125111499,0.9914221280443698
2020-09-23,1337,1.0,0.9696765868132656,0.9851783394789422
2020-09-24,2588,1.0,0.969711412651202,0.98138111204029
2020-09-25,1134,1.0,0.9693461012277369,0.9860337026973423
2020-09-26,502,1.0,0.9856478558028584,0.9989111090397226
2020-09-27,1071,1.0,0.9784579211909307,0.9922985230889352
2020-09-28,824,1.0,0.9843187877183013,0.9966828797446796
2020-09-29,1247,1.0,0.952035198113708,0.9725768654848083
2020-09-30,1136,1.0,0.9775578121079187,0.9914330946045582
2020-10-01,2126,0.9995296331138288,0.9765007688249473,0.9875586526950754
2020-10-02,1448,0.9993093922651933,0.9806613502111804,0.992214145689807
2020-10-03,1253,1.0,0.959857723948849,0.97848098867824
2020-10-04,686,1.0,0.9755734583610026,0.9931725350085965
2020-10-05,2280,0.999561403508772,0.9840305540042296,0.9926395952815793
2020-10-06,1994,1.0,0.9853047069470624,0.9939491918221813
2020-10-07,2016,1.0,0.9860541624496263,0.9943949558724258
2020-10-08,1875,1.0,0.9746222230049398,0.9867948556080445
2020-10-09,1578,1.0,0.9678896553172245,0.982820586968194
2020-10-10,827,1.0,0.9722521482099576,0.9900584198302524
2020-10-11,1003,1.0,0.9699952898256026,0.9873091279151669
2020-10-12,2125,0.9985882352941177,0.9687690807217161,0.9817132684078074
2020-10-13,1585,1.0,0.9475378728441771,0.9669041341605933
2020-10-14,1949,1.0,0.9778626909022687,0.9889483690129987
2020-10-15,2517,0.9992054032578467,0.9752580103922529,0.9858453159680493
2020-10-16,1500,1.0,0.9577245430936989,0.9754465085759179
2020-10-17,1240,1.0,0.9843233097168301,0.9950831747350719
2020-10-18,754,1.0,0.9665136082886189,0.9871699362507287
2020-10-19,1925,1.0,0.9770079797202387,0.988393815100924
2020-10-20,2125,0.9995294117647059,0.9693021968740002,0.9821207978035386
2020-10-21,2493,1.0,0.9817102867902063,0.990682609270954
2020-10-22,2007,1.0,0.981326562535183,0.9912576580541845
2020-10-23,1497,0.9993319973279893,0.9640128440339214,0.9802763028842302
2020-10-24,1548,1.0,0.9781265487097554,0.9902248080235186
2020-10-25,830,1.0,0.9797393385457781,0.9943464208661921
2020-10-26,2671,0.9996256083863722,0.9829044838789529,0.991293636912452
2020-10-27,1761,0.9994321408290744,0.9730035887534633,0.985946882483137
2020-10-28,1395,1.0,0.9757779681340791,0.9891677754705531
2020-10-29,2118,1.0,0.9753795064717538,0.9867456210711444
2020-10-30,2208,1.0,0.9840497273827246,0.9927636568927983
2020-10-31,1011,1.0,0.9613266336185329,0.981290154971412
2020-11-01,2495,1.0,0.9681907085937802,0.9803657687164056
2020-11-02,3667,0.9994545950368149,0.9772648179980856,0.9858381144174645
2020-11-03,2192,1.0,0.9712116651561867,0.9834213922497345
2020-11-04,3282,0.9996953077391835,0.9809357946269721,0.9891073061312518
2020-11-05,2939,1.0,0.9746987927111299,0.9847122568259276
2020-11-06,2285,1.0,0.9733030861978399,0.9848098269380507
2020-11-07,1763,1.0,0.9834067285132403,0.9931636459253437
2020-11-08,2618,0.9996180290297937,0.9856246031269131,0.9932779500141588
2020-11-09,2936,0.9996594005449592,0.971393780703363,0.9820984152274104
2020-11-10,2268,1.0,0.9784449627140631,0.988692469941627
2020-11-11,2580,0.9996124031007751,0.9729204061747566,0.9839224914427501
2020-11-12,3223,1.0,0.9819691066172085,0.9899520038395008
2020-11-13,2919,1.0,0.9763772868523105,0.9860521551442001
2020-11-14,2641,1.0,0.9760007070914549,0.9861939520154502
2020-11-15,1500,1.0,0.9853546254917764,0.994971863444181
2020-11-16,1703,0.9994128009395185,0.9747214574050725,0.9873697315669099
2020-11-17,2128,0.9995300751879699,0.9850998783707096,0.993596694834307
2020-11-18,2939,1.0,0.9887754394612521,0.9950882516040648
2020-11-19,1355,1.0,0.9651829786491923,0.9818399829269293
2020-11-20,1877,0.9994672349493873,0.9776195256650018,0.9889527806456367
2020-11-21,1469,1.0,0.9533194207538327,0.972169190107398
2020-11-22,1702,1.0,0.9740643077832667,0.9868978420467294
2020-11-23,2175,1.0,0.9709925051428212,0.9832943705488796
2020-11-24,1766,1.0,0.960298787529237,0.9762556211335955
2020-11-25,1662,1.0,0.9707887284829853,0.9846468420189932
2020-11-26,1114,1.0,0.950313875407358,0.9722926197423679
2020-11-27,1568,1.0,0.9581499129854092,0.9754386833407349
2020-11-28,892,1.0,0.9491300858463068,0.9736077223997428
2020-11-29,831,1.0,0.9532927277182824,0.9773531753072554
2020-11-30,2389,1.0,0.9781181097497932,0.9882277246170504
2020-12-01,2571,0.999611046285492,0.9804994155284199,0.9896858304857389
2020-12-02,2218,0.9990982867448152,0.9705429370022355,0.9828480877174103
2020-12-03,1923,1.0,0.9634332269390508,0.9781447589172073
2020-12-04,1603,0.9993761696818465,0.9683572012204755,0.9830726689081305
2020-12-05,902,1.0,0.9426943962257599,0.9686632771943985
2020-12-06,1118,1.0,0.9600096010717636,0.979513187161705
2020-12-07,2522,1.0,0.9614897619252362,0.9748924102788593
2020-12-08,2253,1.0,0.9838488556190303,0.9925554662234675
2020-12-09,2259,1.0,0.984404945365438,0.9929255352415267
2020-12-10,4242,1.0,0.9899927356230623,0.9950764961277113
2020-12-11,3585,0.999442119944212,0.9859440735522597,0.9925755173702575
2020-12-12,2063,1.0,0.9875346670186839,0.9952573033356629
2020-12-13,1952,1.0,0.9784744291689846,0.9893771859850136
2020-12-14,4009,1.0,0.9835225342074985,0.9904327498764086
2020-12-15,4217,1.0,0.977393825497054,0.9854236925989837
2020-12-16,3597,0.9994439810953573,0.9657623693039588,0.9765025482886294
2020-12-17,3258,1.0,0.9686680691696195,0.9793899446903731
2020-12-18,3313,0.9996981587684878,0.9755423476340587,0.9848694030968835
2020-12-19,2601,0.9996155324875048,0.9807205801331965,0.9898033619313331
2020-12-20,2004,1.0,0.976221487511527,0.9876319997094107
2020-12-21,3249,1.0,0.9718099925183464,0.9819613648683754
2020-12-22,2799,0.9996427295462665,0.9560425034123152,0.9697300696191731
2020-12-23,2336,1.0,0.9469218087638418,0.9632678048124614
2020-12-24,2075,1.0,0.9299667569404888,0.9497343039862309
2020-12-25,1065,0.9990610328638497,0.9365677387356199,0.9620452089855902
2020-12-26,2810,1.0,0.8766583320295289,0.8986329577874872
2020-12-27,2438,1.0,0.8870545625997405,0.909751849084947
2020-12-28,3241,1.0,0.9519480387528796,0.9653281352187305
2020-12-29,4018,1.0,0.9749808390688635,0.9836432403596825
2020-12-30,3076,1.0,0.9559381047196048,0.9690608070463814
2020-12-31,2686,1.0,0.946904396370742,0.9622376519603857
2021-01-01,1875,1.0,0.9504352971049898,0.9678812390929324
2021-01-02,3566,1.0,0.9342437614389212,0.9491396980332297
2021-01-03,2960,1.0,0.936545302482792,0.9525302171480466
2021-01-04,5066,1.0,0.9161053402434579,0.9301850153835605
2021-01-05,4676,0.9997861420017109,0.9453968802791672,0.9573986857944018
2021-01-06,3242,0.999691548426897,0.9618391974793972,0.9737466565341141
2021-01-07,3524,1.0,0.959050268038038,0.9709298383792736
2021-01-08,4224,1.0,0.9457578652166863,0.9583068349068775
2021-01-09,3890,1.0,0.9345742423183406,0.9488373067717577
2021-01-10,2725,1.0,0.9310806829001954,0.9483608414063003
2021-01-11,5025,1.0,0.9393764145333927,0.9515660577794931
2021-01-12,5284,0.9996214988644966,0.9599037313522929,0.9696466138685732
2021-01-13,4258,1.0,0.963978895903018,0.9741804772645685
2021-01-14,4575,1.0,0.9681796453361252,0.9774419883443795
2021-01-15,4988,1.0,0.9505895852265637,0.961681827647895
2021-01-16,3639,0.9997251992305578,0.9388344729443655,0.9530941345118251
2021-01-17,3246,0.9993838570548367,0.9444671065189931,0.9588290184021993
2021-01-18,5348,0.99981301421092,0.9206777822922424,0.9340613631100863
2021-01-19,5293,0.9998110712261478,0.9011436598422038,0.9159370721962302
2021-01-20,4876,0.9997949138638228,0.9408944778571926,0.9531136019252999
2021-01-21,4712,0.9997877758913413,0.9560824532180997,0.9668359862516701
2021-01-22,4718,0.9997880457821111,0.9748153587018032,0.9829012358446758
2021-01-23,3203,1.0,0.9573031039457942,0.9699809855911218
2021-01-24,2753,0.9996367598982928,0.946690519728152,0.9618832564624747
2021-01-25,7170,0.999581589958159,0.9303026975017513,0.9412725612792159
2021-01-26,5830,0.9998284734133791,0.9465029907507161,0.9572095701486711
2021-01-27,5693,0.9991217284384332,0.9552186099511139,0.9651569869936308
2021-01-28,5582,1.0,0.9447703984718239,0.9558665417751698
2021-01-29,6277,0.9996813764537199,0.9499724360201733,0.9599840735053263
2021-01-30,4154,1.0,0.9597221402450203,0.9706418564240628
2021-01-31,3359,0.9994045846978268,0.9459536920319295,0.9599026165182191
2021-02-01,5516,0.9998187092095722,0.9032206192540152,0.9175929148819266
2021-02-02,5066,0.9994078168180024,0.9004648768927446,0.9156214027893461
2021-02-03,4267,0.9992969299273494,0.9489539268524003,0.9610850590834341
2021-02-04,4551,0.999340804218853,0.9688968429912334,0.9780757715706295
2021-02-05,4260,0.9988262910798122,0.9310918887737717,0.9450955920761548
2021-02-06,3416,0.9991217798594848,0.9414354676036797,0.9558262341334189
2021-02-07,3098,0.9983860555196902,0.9523072313237382,0.9659281106279709
2021-02-08,6947,0.9982726356700734,0.9436741082852056,0.9537742171818012
2021-02-09,6490,0.998613251155624,0.8899310435963571,0.9039435759027751
2021-02-10,6557,0.9977123684611865,0.8922417731170964,0.9060718367861476
2021-02-11,6193,0.9977393831745519,0.9164360380769924,0.92920952033693
2021-02-12,5737,0.9989541572250306,0.9195184041361664,0.932546685043308
2021-02-13,4330,0.9979214780600462,0.946247455340489,0.9586089732248965
2021-02-14,4150,0.999277108433735,0.9480504920444441,0.9604462664391217
2021-02-15,7451,0.998926318614951,0.9153201473408754,0.9270621136527081
2021-02-16,7194,0.9997219905476786,0.9282620191287542,0.9393570658742396
2021-02-17,5570,0.9989228007181329,0.918888070444329,0.9321486445898682
2021-02-18,5183,0.9984564923789311,0.9445061471513223,0.956033986027293
2021-02-19,5554,0.9994598487576521,0.9327099309972091,0.9449128949462616
2021-02-20,4467,0.9986568166554735,0.9355346633627882,0.9488098754117404
2021-02-21,4796,0.9995829858215179,0.9470836845029924,0.9587664022551523
2021-02-22,7991,0.9984983105994244,0.9280661438405732,0.9386321703931975
2021-02-23,6264,0.998882503192848,0.9327727282051252,0.9442911384790077
2021-02-24,6664,0.9986494597839136,0.9180995108588218,0.9303156479584983
2021-02-25,6929,0.9992783951508154,0.9290710748140506,0.9403132315927151
2021-02-26,5919,0.9986484203412739,0.9070903083841023,0.9207506699792629
2021-02-27,3915,0.9961685823754789,0.9176226822444804,0.9334529369154047
2021-02-28,3720,0.999731182795699,0.919469784473902,0.9354991654467527
2021-03-01,7107,0.9970451667370198,0.8928646197184981,0.906136212988596
2021-03-02,6786,0.9986737400530504,0.9092664108889753,0.9219237107365332
2021-03-03,7256,0.9995865490628445,0.9237441004242676,0.9350998709932411
2021-03-04,6140,0.9988599348534202,0.9270558256044921,0.9391247375896082
2021-03-05,6079,0.9976969896364534,0.913981627744885,0.9270338808056466
2021-03-06,3878,0.998452810727179,0.9249982543597539,0.9402249164034258
2021-03-07,3574,0.9969222160044767,0.9055792029473754,0.9231284829457884
2021-03-08,8297,0.9993973725442932,0.909007679261228,0.9204983749749022
2021-03-09,7537,0.9989385697227013,0.9115795472614507,0.9234755541917743
2021-03-10,8017,0.9981289759261569,0.9191279272305873,0.9302406656512417
2021-03-11,7577,0.9974924112445559,0.9315071641245294,0.942115931525824
2021-03-12,7931,0.9983608624385324,0.8950008229512676,0.9074715384076353
2021-03-13,5432,0.998159057437408,0.9131973371378775,0.9270288022718736
2021-03-14,4640,0.9995689655172414,0.9328338606448776,0.9461171873093634
2021-03-15,10000,0.9991,0.9248427454030266,0.9345056703369542
2021-03-16,9225,0.9990243902439024,0.9331725298259662,0.9427064627699258
2021-03-17,7790,0.9989730423620026,0.9184931252694966,0.9297954143131546
2021-03-18,8218,0.9985397907033341,0.9038740579523178,0.9156925369655093
2021-03-19,7135,0.9984583041345481,0.9048421009890646,0.9174479195631993
2021-03-20,6147,0.9991865950870343,0.9227621970279124,0.9351355790542968
2021-03-21,5730,0.9982547993019197,0.9433848951173053,0.9544828034305306
2021-03-22,10415,0.9993278924627941,0.9350140457059898,0.943890314771467
2021-03-23,8706,0.9993108201240524,0.9291676970609377,0.9392313962741544
2021-03-24,8606,0.9994190099930281,0.9371851008701105,0.9467676001161851
2021-03-25,9346,0.9993580141236893,0.9305087651340752,0.940149816395692
2021-03-26,7452,0.9994632313472893,0.9242754690116526,0.9354519624443064
2021-03-27,5601,0.9987502231744332,0.9156500434384564,0.9291058176672631
2021-03-28,4769,0.9991612497378906,0.9279476032613384,0.9414911651898229
2021-03-29,10822,0.999353169469599,0.9254684568382384,0.9347324250035228
2021-03-30,9489,0.9990515333544103,0.922406082868501,0.9324584917156746
2021-03-31,8893,0.9994377600359834,0.9189333501080998,0.9295056136856275
2021-04-01,9766,0.999078435388081,0.9291204649416241,0.938643884711293
2021-04-02,6883,0.9994188580560802,0.9390330910707351,0.9495549084268801
2021-04-03,5780,0.998961937716263,0.9130414098285003,0.9264702109741645
2021-04-04,4199,0.9978566325315551,0.9401147306217466,0.9533228304689663
2021-04-05,8311,0.9968716159306943,0.9470475042068289,0.9560576802989954
2021-04-06,8521,0.998709071705199,0.9228681627640757,0.9334327464131149
2021-04-07,8736,0.9981684981684982,0.921129559608047,0.9316728922144032
2021-04-08,8461,0.9985817279281409,0.926786485035551,0.9371456771671941
2021-04-09,8303,0.9987956160423943,0.9296263017080084,0.9398956424294664
2021-04-10,6358,0.9979553318653664,0.9339354000114741,0.9452858092615901
2021-04-11,5058,0.998220640569395,0.956177004265832,0.966576357769293
2021-04-12,9898,0.9974742372196403,0.9304443782914079,0.939833827396829
2021-04-13,10373,0.9979755133519714,0.9324054141612526,0.94146468094535
2021-04-14,9171,0.9977101733725875,0.9075006226837129,0.9185299881751021
2021-04-15,8336,0.9968809980806143,0.9044543522579168,0.9161709885649927
2021-04-16,8550,0.9973099415204678,0.9206212377290104,0.9313095999481896
2021-04-17,5487,0.996172772006561,0.9257339636509133,0.9385921374834917
2021-04-18,3777,0.9973523960815462,0.9428368367982398,0.9564179986681086
2021-04-19,9079,0.9971362484855161,0.8836742546943233,0.8958406785045977
2021-04-20,8748,0.997599451303155,0.9110800605688799,0.9221796252795121
2021-04-21,7850,0.9982165605095541,0.9252441713452666,0.9360876304782205
2021-04-22,8075,0.996656346749226,0.9008013309647349,0.9128889797872334
2021-04-23,7450,0.9977181208053691,0.9154508980678846,0.92719265518352
2021-04-24,4813,0.9983378350301267,0.9192976641747983,0.933493833642364
2021-04-25,3709,0.9929900242653006,0.9367176353873851,0.9511257648161479
2021-04-26,8712,0.9964416896235078,0.8979333016779426,0.9097202772048404
2021-04-27,8850,0.9978531073446327,0.9233519720489236,0.9337000364697506
2021-04-28,7296,0.9978070175438597,0.8988825274931125,0.9116754526640303
2021-04-29,8061,0.9978910805111029,0.9337959580964411,0.9439332172012681
2021-04-30,7540,0.9985411140583554,0.9325908103676173,0.9431425291293911
2021-05-01,4310,0.997215777262181,0.9306629116515193,0.9446398899105758
2021-05-02,3379,0.9967445989937851,0.9449724667509801,0.9590227854659551
2021-05-03,8591,0.9958095681527179,0.8987312267507129,0.9105644908136874
2021-05-04,8130,0.9970479704797048,0.9424713558670621,0.9519377182447766
2021-05-05,7349,0.996053884882297,0.9451964466175612,0.9549128796205699
2021-05-06,6975,0.9971326164874552,0.9335575893996145,0.9444474147834958
2021-05-07,6597,0.9954524783992724,0.9487417450044456,0.9586542671221978
2021-05-08,3970,0.9954659949622167,0.9623105204478186,0.9731148763663898
2021-05-09,2919,0.9965741692360397,0.9590451993722732,0.9720153246698522
2021-05-10,8370,0.9962962962962963,0.9324889701203265,0.9425406583716543
2021-05-11,6959,0.9964075298175025,0.9550795434324991,0.9641437001980752
2021-05-12,6332,0.9949463044851548,0.9481895944739773,0.9583515636139732
2021-05-13,4816,0.9973006644518272,0.9536229275403924,0.9645697753985587
2021-05-14,4771,0.9939216097254244,0.9207590923902872,0.9349294546595568
2021-05-15,3801,0.9968429360694554,0.9546948349865502,0.9667815871790026
2021-05-16,2430,0.9946502057613169,0.961582530488579,0.9752262727597935
2021-05-17,7834,0.9947664028593312,0.942563623918413,0.9522032369312172
2021-05-18,6078,0.9952286936492267,0.9337948565692299,0.9454193154066769
2021-05-19,5779,0.9948087904481744,0.9379473465844617,0.9495059800658404
2021-05-20,5289,0.9958404235205143,0.9438029262120239,0.9553036548805054
2021-05-21,4370,0.9947368421052631,0.931181254918379,0.9450350506603103
2021-05-22,3143,0.9971364937957365,0.9622076168229697,0.9742383026069894
2021-05-23,2284,0.9973730297723292,0.976103872913666,0.9869407014559337
2021-05-24,6818,0.9973599295981226,0.982873923946332,0.9884568772127614
2021-05-25,5366,0.995527394707417,0.9413664963749664,0.9530223145409585
2021-05-26,5649,0.9948663480261993,0.9377669131455354,0.9494671482635495
2021-05-27,5132,0.9972720187061574,0.966679686925454,0.9756855009815574
2021-05-28,5110,0.9974559686888455,0.9655551940990929,0.9747318952226249
2021-05-29,4114,0.9968400583373845,0.9503318182138693,0.9625223999931621
2021-05-30,3242,0.9981492905613819,0.9789834642728271,0.987658842481315
2021-05-31,7494,0.9963971176941553,0.9186283887950085,0.9301506268728235
2021-06-01,7152,0.9966442953020134,0.9538090331896664,0.9628771500215461
2021-06-02,6420,0.9973520249221184,0.9728792644535948,0.9801853742777324
2021-06-03,5747,0.9980859578910736,0.973746728622332,0.9813045967831099
2021-06-04,5875,0.9977872340425532,0.9559934763594247,0.9657083092481192
2021-06-05,5005,0.9968031968031968,0.9668604413353448,0.9759479161663734
2021-06-06,4084,0.9985308521057786,0.9766397138651224,0.9849353614935163
2021-06-07,9183,0.9971686812588478,0.9527947918749721,0.960926973015078
2021-06-08,6273,0.9966523194643712,0.965284845147525,0.9736624078744682
2021-06-09,4978,0.9953796705504219,0.9623724715382936,0.9720954347478246
2021-06-10,3981,0.9962321024868124,0.9632038065389016,0.9738595156066265
2021-06-11,3691,0.9970197778379842,0.9400084301078709,0.9540609167502933
2021-06-12,2151,0.99860529986053,0.9696358351119464,0.9823164069375956
2021-06-13,1952,0.9969262295081968,0.9721281590582365,0.9847535938647484
2021-06-14,5086,0.9988202909948879,0.9696429622858382,0.9782585608267069
2021-06-15,5687,0.997186565851943,0.9795285972271874,0.9861943706380428
2021-06-16,5249,0.9984759001714613,0.9825575942324473,0.9888945354944467
2021-06-17,4689,0.9972275538494348,0.9768465096533682,0.9846109945119693
2021-06-18,5749,0.996695077404766,0.9778969977778297,0.9848067331365646
2021-06-19,3282,0.9987812309567337,0.9860363273210979,0.9928943099678755
2021-06-20,3239,0.9996912627354122,0.9858659779484447,0.9928073111657526
2021-06-21,6097,0.998523864195506,0.9700067589073329,0.9778822776548599
2021-06-22,7170,0.998186889818689,0.9828239369942476,0.9882875475953942
2021-06-23,6001,0.998000333277787,0.9800661387754002,0.9864779446946182
2021-06-24,5961,0.9979869149471565,0.982255893646979,0.9882993606497561
2021-06-25,5328,0.9990615615615616,0.9768342572384668,0.9841586025054079
2021-06-26,6211,0.9995169859925938,0.9893031674505933,0.9937969000970195
2021-06-27,5288,0.9996217851739788,0.9857884676489249,0.9914324693105842
2021-06-28,7841,0.9991072567274583,0.9795850873021624,0.9853287595325088
2021-06-29,9645,0.9988595127008812,0.9813881806256631,0.9863628191454582
2021-06-30,7855,0.9998726925525143,0.9870558819982014,0.9915557553375692
2021-07-01,8114,0.9992605373428641,0.9837622418677596,0.988772605453147
2021-07-02,7048,0.9994324631101021,0.984823917099506,0.9899735055338662
2021-07-03,4884,0.9995904995904996,0.9797615080724705,0.9868487417893331
2021-07-04,6445,0.9996896819239721,0.9905579852199728,0.994680896936031
2021-07-05,9149,0.9995627937479507,0.9892206663385698,0.9930261196502591
2021-07-06,8574,0.9993002099370188,0.9852419147843712,0.989885356494699
2021-07-07,9334,0.9991429183629741,0.9853995250536357,0.989841817268082
2021-07-08,8215,0.9993913572732805,0.9881386228452774,0.9923455576315326
2021-07-09,7814,0.9997440491425647,0.9772721251770444,0.9833541655273147
2021-07-10,5940,0.9994949494949495,0.9774166499668459,0.9842930667662887
2021-07-11,6190,0.9995153473344104,0.9898084602473878,0.9941883124868327
2021-07-12,9734,0.9992808711732073,0.985993640375307,0.9902560689435997
2021-07-13,9553,0.9995812833664818,0.9896724195463845,0.9933189337008235
2021-07-14,10600,0.9993396226415094,0.9881330600347066,0.9918851828067873
2021-07-15,9670,0.9997931747673217,0.9854702864558122,0.989828915606654
2021-07-16,10907,0.9998166315210415,0.9904470804391295,0.9937402849673357
2021-07-17,7660,0.9998694516971279,0.989432500954564,0.9935046929436517
2021-07-18,7440,1.0,0.9919654759790109,0.995503667446322
2021-07-19,13787,0.9998549358090956,0.9865431491865571,0.9900987647976133
2021-07-20,14826,0.9997302036962094,0.9852859400212649,0.9888886710626608
2021-07-21,13462,0.9997771504976972,0.9856765132154156,0.9893916733300138
2021-07-22,14024,1.0,0.9839428166295573,0.9878118699482423
2021-07-23,13602,0.9993383325981473,0.989625472524066,0.9927422445251015
2021-07-24,11230,0.99973285841496,0.9904286989631682,0.9936826079748138
2021-07-25,11429,0.9995625164056348,0.9895519194658292,0.9929375076466246
2021-07-26,16719,0.9999401878102757,0.9866221684323093,0.9898631247452093
2021-07-27,16520,0.9995762711864407,0.9847605227271657,0.9882491018307776
2021-07-28,15332,0.9995434385598748,0.9856265243569404,0.9891305716634171
2021-07-29,17202,0.9997093361237065,0.9906029445594368,0.9932574766580913
2021-07-30,16166,0.999566992453297,0.9871344701304358,0.9903604723717906
2021-07-31,12474,0.9993586660253327,0.9902446429422427,0.993380828879787
2021-08-01,11457,0.9993017369293882,0.9924260202519329,0.9952633088567053
2021-08-02,18377,0.999673504924634,0.9844814453668096,0.9878310453367773
2021-08-03,19683,0.9997459736828735,0.9901079916478507,0.9926714991723269
2021-08-04,18959,0.9997890184081439,0.9843010735010966,0.9876214288406294
2021-08-05,18542,0.9998382051558624,0.9840650150304208,0.9874461704324842
2021-08-06,17442,0.999828001375989,0.9866306646169071,0.9898073583749251
2021-08-07,13079,0.9996941662206591,0.9909426931737064,0.9938911838609846
2021-08-08,10341,0.9998065951068562,0.9801277370606443,0.9851091399368204
2021-08-09,18717,0.9996794358070203,0.9787150697799999,0.98261771897976
2021-08-10,19291,0.9998963247110051,0.9886571637765755,0.9914380503410493
2021-08-11,16027,0.9998752105821427,0.97963687385753,0.9837437827329396
2021-08-12,16694,0.9999400982388882,0.9864151130652905,0.9896844675805979
2021-08-13,13320,0.9998498498498498,0.9811694895144154,0.9854740300731754
2021-08-14,11225,0.9999109131403118,0.993758368655902,0.9963282143714649
2021-08-15,11361,0.9998239591585247,0.9945251613384939,0.9968996451198183
2021-08-16,19733,0.9998986469366037,0.9848053590509371,0.988009142014645
2021-08-17,19684,0.9998983946352368,0.9860257674625662,0.9890973741943494
2021-08-18,18756,0.9999466837278738,0.9793021588858895,0.9831456571705064
2021-08-19,16147,0.9999380689911439,0.980542715976017,0.9845411215219968
2021-08-20,16096,0.999875745526839,0.9799119382968227,0.9839821979178658
2021-08-21,11733,1.0,0.9835129615382185,0.9877749480875909
2021-08-22,10469,1.0,0.990364205098953,0.9937339361749057
2021-08-23,19522,1.0,0.9704495022011441,0.9749545308797067
2021-08-24,20863,0.9997124095288309,0.9753310169811578,0.9793216193388342
2021-08-25,18701,0.9998395807710818,0.9777851624934203,0.9817743048763602
2021-08-26,18911,0.9999471207233885,0.9760669020108479,0.9801860832735001
2021-08-27,18289,0.9998359669746842,0.9769112362123725,0.9810220509046276
2021-08-28,12518,0.9996804601374022,0.9749488275516958,0.980077045308212
2021-08-29,9742,0.9997947033463355,0.9890932600144527,0.9928165695570053
2021-08-30,20867,0.9999520774428523,0.975341405491195,0.9793303451647296
2021-08-31,24534,0.9999592402380371,0.9756190529359148,0.9792891681493895
2021-09-01,20315,0.9998031011567807,0.9774850202190524,0.9813458321824433
2021-09-02,20982,0.999857020303117,0.9790493390037041,0.9827156139448023
2021-09-03,18065,0.9998339330196513,0.9775207043289487,0.981600380470131
2021-09-04,13349,0.9998501760431493,0.9824442014227358,0.9865913834461073
2021-09-05,10165,0.9999016232169208,0.9863791977028576,0.9904953513422148
2021-09-06,15975,0.9998122065727699,0.9627738165202534,0.9683279416106998
2021-09-07,25155,0.9999602464718744,0.9787050593497337,0.9820943556947865
2021-09-08,22943,0.9999564137209607,0.9805890143807644,0.9839692862457798
2021-09-09,21594,0.9998147633601926,0.9772130319401735,0.9809854797654562
2021-09-10,20670,1.0,0.9796684830676606,0.9833052390402863
2021-09-11,13188,0.9999241734910524,0.9841199058429955,0.988078523781771
2021-09-12,11621,1.0,0.9894495971044436,0.9928268241955591
2021-09-13,22484,0.9998220957125067,0.9811411784824682,0.9845048524828347
2021-09-14,20273,0.9997533665466384,0.9783296241610892,0.9821206942938866
2021-09-15,17454,0.9998854130858256,0.9825598927888757,0.9862040490197298
2021-09-16,18889,0.9997352956747313,0.9884719971343974,0.991304468958806
2021-09-17,19134,0.9998432110379429,0.9931710121222417,0.995301060938264
2021-09-18,11713,0.9998292495517801,0.9849996559685394,0.9890590185822358
2021-09-19,11199,0.9998214126261273,0.9890541089336005,0.9925574532420562
2021-09-20,22362,0.9996869689652088,0.9815357242186444,0.9848723446954729
2021-09-21,20573,0.999854177805862,0.983669879817246,0.9869299450312744
2021-09-22,15010,0.9999333777481679,0.9797756138945356,0.9839967998646442
2021-09-23,16448,0.9994528210116731,0.9810693246739134,0.9849786885999463
2021-09-24,18189,0.9997251085821101,0.9824626471116819,0.9860470358419244
2021-09-25,10099,1.0,0.9906618277984294,0.994027824902326
2021-09-26,9854,1.0,0.9902102298831412,0.9937023960991409
2021-09-27,20205,0.9997525365008662,0.9779598437572433,0.9817894904957782
2021-09-28,18787,1.0,0.9804141584733518,0.9841484087950848
2021-09-29,18838,0.9997876632338889,0.977621971855359,0.9816120588639287
2021-09-30,16651,0.9999399435469342,0.9780743701468859,0.9822618543076409
2021-10-01,14649,0.9999317359546727,0.9815881354212288,0.9856572796233356
2021-10-02,10276,0.9998053717399766,0.9889185894556957,0.9925850231717859
2021-10-03,10563,1.0,0.990758565898749,0.9940391038317494
2021-10-04,19759,0.9997469507566172,0.9673670297794484,0.9720699116043201
2021-10-05,18802,0.9996808850122327,0.9738048123435358,0.9781265923568694
2021-10-06,16746,0.9998805684939687,0.9777128806573903,0.9819238876103584
2021-10-07,17823,0.9997194636144308,0.9841803848656133,0.9876123637911717
2021-10-08,15826,0.9996208770377859,0.9816332111994781,0.9855527394566567
2021-10-09,12436,1.0,0.9856937429034413,0.9895448213167091
2021-10-10,11219,1.0,0.9909060328720457,0.9940715029887081
2021-10-11,18121,0.9998896308150764,0.9763712712298451,0.9805483603073921
2021-10-12,18740,1.0,0.9821023333504474,0.9856730509542864
2021-10-13,15932,0.9998116997238262,0.9789432996673796,0.9831327144246601
2021-10-14,16363,0.9998777730245065,0.9806691744868742,0.9846294625119307
2021-10-15,15273,0.9998690499574412,0.9801827882166558,0.9843263620984389
2021-10-16,10546,0.9999051773184146,0.9804108893114438,0.9853101963487901
2021-10-17,9830,1.0,0.9865714591188459,0.9907191193454705
2021-10-18,19655,0.9995421012465021,0.9780671756127628,0.9819384139371092
2021-10-19,19063,0.999685254157268,0.9821274309130441,0.9856673808518719
2021-10-20,16660,0.9998199279711885,0.9857617173369884,0.9891155525675551
2021-10-21,16317,0.9995709995709996,0.9844468288756355,0.9879929555537389
2021-10-22,16623,0.9997593695482163,0.982871973925757,0.986566592284853
2021-10-23,14458,1.0,0.9890613599121852,0.992178307715639
2021-10-24,11582,0.9999136591262303,0.9897852356886855,0.9931091998568584
2021-10-25,20917,0.9994741119663432,0.9889745680011688,0.9916134737335828
2021-10-26,19072,0.9998427013422819,0.9885826383397797,0.9913880441434069
2021-10-27,18889,0.9995764730795701,0.9874741790262824,0.9904327498758615
2021-10-28,17813,0.9998877224498961,0.9881381308370256,0.9910927086165837
2021-10-29,16439,0.9997566761968489,0.9872842812590552,0.9904653803668866
2021-10-30,13552,0.9997786304604487,0.9904618071084534,0.9934453630032328
2021-10-31,13811,0.9994931576279777,0.9919665672314388,0.9946624191727232
2021-11-01,19596,0.9997958767095325,0.9901188289956309,0.9926860524197312
2021-11-02,20398,0.9995097558584175,0.9891081694313238,0.9917610863946889
2021-11-03,22401,0.9998214365430115,0.9862685927016184,0.9891328758402556
2021-11-04,20506,0.9997074027114016,0.9844146316531308,0.9876025841178968
2021-11-05,19737,0.9995946699093073,0.9829850220503261,0.9863808601512778
2021-11-06,13820,0.9996382054992764,0.9923665219893312,0.9949874080259522
2021-11-07,13784,0.9999274521183982,0.9937814037949991,0.9961252581476392
2021-11-08,25629,0.999609817004175,0.9916429127613531,0.9937176483046241
2021-11-09,22841,0.9998686572391752,0.9922552410411605,0.9943567568426555
2021-11-10,23471,0.9996591538494312,0.9928233182057248,0.9948161905867106
2021-11-11,20407,0.9990199441368158,0.990345393892143,0.9928350231771139
2021-11-12,18601,0.9991935917423794,0.9914716054714218,0.9939038863030987
2021-11-13,15881,0.9993703167306844,0.9929375913603611,0.9952979279298159
2021-11-14,12576,0.9994433842239185,0.9943338309865486,0.9966510416776763
2021-11-15,24856,0.9995574509172835,0.9931340919753433,0.9950298018098446
2021-11-16,24282,0.9993822584630591,0.9925328715291164,0.9945370245642042
2021-11-17,21576,0.9993047830923248,0.9935360093208725,0.9954943689842618
2021-11-18,21056,0.9994300911854104,0.9929186155337788,0.9949984755244637
2021-11-19,17639,0.9991496116559896,0.9913126283845696,0.9938296199841737
2021-11-20,16209,0.9986427293478931,0.9926053399334709,0.9950040177904247
2021-11-21,15195,0.9988812109246462,0.9931195459041688,0.9954935802056875
2021-11-22,26861,0.9989575965153941,0.9923725319828209,0.9943073232860694
2021-11-23,22560,0.9984929078014184,0.9921959646894336,0.9943194563256315
2021-11-24,21053,0.9994300099748255,0.9947162584920664,0.9964910185344611
2021-11-25,14470,0.9993089149965446,0.9898725133962502,0.9928636852200003
2021-11-26,21124,0.9988638515432683,0.9909191561216553,0.9932912763622427
2021-11-27,14971,0.9991984503373188,0.9901359217404433,0.9930398295214203
2021-11-28,17122,0.9992407429038663,0.9919922034999499,0.9944343259847418
2021-11-29,33749,0.9991703457880233,0.991086700394948,0.9929738948629885
2021-11-30,26395,0.9988634211024815,0.9866691873487623,0.9892808497647673
2021-12-01,24037,0.9987519241169863,0.9909987202989173,0.9932225979100416
2021-12-02,22421,0.9991971812140404,0.9920585201854518,0.9942072699076843
2021-12-03,20702,0.9988406917206067,0.9858406769989624,0.9888623257680769
2021-12-04,18074,0.9991700785658958,0.9904004845771791,0.99302559573751
2021-12-05,16847,0.9985160562711461,0.9906484330948352,0.9933230209781793
2021-12-06,32908,0.9988756533365747,0.9903520999900739,0.9923425821220384
2021-12-07,26770,0.9995517370190512,0.9873241184981105,0.9898510554849534
2021-12-08,24132,0.9990469086689873,0.9865900518917068,0.9893228587661522
2021-12-09,21594,0.9990275076410114,0.9847981147250686,0.9878705362173429
2021-12-10,20050,0.9995012468827931,0.9866855510505673,0.9896557689605308
2021-12-11,14490,0.9987577639751553,0.9893655567122468,0.9924346429969086
2021-12-12,14493,0.998827019940661,0.9918126682037963,0.9944787454715999
2021-12-13,27199,0.9990440825030332,0.9896495598435033,0.9919078077621196
2021-12-14,26362,0.9991275320537136,0.9898391579022461,0.9921086823045893
2021-12-15,27056,0.9988172678888232,0.9822752901862044,0.9852608650892395
2021-12-16,24282,0.9990527963100239,0.9799198613152373,0.9832680561862245
2021-12-17,21431,0.9994400634594746,0.9735988508491834,0.9776741807434657
2021-12-18,20599,0.9997087237244526,0.9794959915646306,0.9831548153104734
2021-12-19,16176,0.9998763600395648,0.981838460992445,0.9856950339479916
2021-12-20,29312,0.9995906113537117,0.9813217922119591,0.9842711291336299
2021-12-21,28848,0.9998613422074321,0.9904966914538267,0.9925967954844496
2021-12-22,29717,0.9995625399602921,0.9905586908549856,0.9926229546478065
2021-12-23,25434,0.9996854604073288,0.9919536325844471,0.9939943592213129
2021-12-24,11896,0.9991593813046402,0.984776556203718,0.9888396321256777
2021-12-25,7001,0.9994286530495643,0.970605490574227,0.9779120825303915
2021-12-26,18556,0.9997305453761587,0.9872540330834154,0.9902643446031666
2021-12-27,33690,0.9998515880083111,0.9885574667802328,0.9907067845551787
2021-12-28,32435,0.9998458455372283,0.9907670858683729,0.9927249263979944
2021-12-29,35770,0.9998602180598267,0.9884107626469399,0.9905135225585149
2021-12-30,33878,0.9997638585512723,0.9748260472220001,0.9780177386083739
2021-12-31,18210,0.999835255354201,0.9799691501828343,0.9838028995067138
2022-01-01,12302,0.9997561372134612,0.9819813372874511,0.986348399765941
2022-01-02,23761,0.9998316569167964,0.9884839291085017,0.9910268042595537
2022-01-03,40468,0.9998517347039636,0.987640322009812,0.9896894964285002
2022-01-04,40889,0.9998532612683118,0.9889425192243321,0.990868511768533
2022-01-05,32046,0.9997815640017474,0.9866962783064754,0.9890746584301707
2022-01-06,30430,0.999967137693066,0.9880574585885299,0.9903632085061511
2022-01-07,25498,0.9998039061887207,0.9834940521942572,0.9864547053348416
2022-01-08,17343,0.9998846796978608,0.9836926084665386,0.9872235681981801
2022-01-09,15539,0.9999356457944527,0.9836195539339426,0.9873458719601194
2022-01-10,32709,0.9998471368736433,0.9873391563765487,0.9896353276431046
2022-01-11,32973,0.9998180329360385,0.9831824673619052,0.9858259383634732
2022-01-12,28562,0.9997549191233107,0.9868155278386332,0.9893160415766528
2022-01-13,27464,0.9999635886979319,0.9788564138325426,0.9820943292274923
2022-01-14,26996,0.9999629574751815,0.978867673183211,0.9821315358773945
2022-01-15,18883,0.9998940846263835,0.9809398588673195,0.9846140572220063
2022-01-16,17102,0.9999415273067478,0.989929758208436,0.9926909829452996
2022-01-17,31164,0.9998716467719163,0.9834873357802876,0.986178096082566
2022-01-18,34851,0.9999139192562624,0.9847735087273031,0.9872212278398569
2022-01-19,32366,0.9998764135203608,0.9829667622796447,0.9856510427404378
2022-01-20,27698,0.9998916889306088,0.9849714043693887,0.9876846288457982
2022-01-21,26227,0.9999237427078964,0.9801700274523091,0.9833754028687274
2022-01-22,17919,0.9998883866287182,0.9866343934247633,0.9897707608561853
2022-01-23,17748,0.9998873112463376,0.9912515568963177,0.9937700305893918
2022-01-24,31803,0.9996226771059334,0.9769751922269939,0.9801239645752973
2022-01-25,29672,0.9997977891614991,0.9823293135697878,0.9851802445412942
2022-01-26,26711,1.0,0.9847694707902127,0.9875486780282593
2022-01-27,24714,0.9999595371044752,0.9842170406210703,0.9871538561305466
2022-01-28,21530,0.9996748722712494,0.966573276058549,0.9711387702838077
2022-01-29,18344,0.9998909725250763,0.9859213150901791,0.9891085322788897
2022-01-30,21192,0.9999528123820309,0.9904098286931758,0.9928465697633803
2022-01-31,33210,0.9998795543510991,0.9841540500813781,0.9867101828304143
2022-02-01,27014,0.9998519286295995,0.9850490013315334,0.9877874760749092
2022-02-02,27998,0.9999642831630831,0.9818707208524443,0.9848399568763286
2022-02-03,28430,0.9999296517762927,0.9838497850856243,0.9866296203738236
2022-02-04,24779,0.9998789297388918,0.968788942177864,0.9729142615595966
2022-02-05,19777,0.9998483086413511,0.9910651837628024,0.993488551977877
2022-02-06,20045,1.0,0.9902874566388111,0.9928046257524171
2022-02-07,32793,0.999908517061568,0.986997192255986,0.9893220679209257
2022-02-08,30693,0.9998696771250773,0.9861188134707716,0.9885998326311954
2022-02-09,27151,0.9999263378881073,0.9850492636458198,0.9877810395810659
2022-02-10,24403,0.9998360857271646,0.9819767385601513,0.985138146803944
2022-02-11,24370,0.9998358637669266,0.9792229542722015,0.9826220000889921
2022-02-12,19194,1.0,0.9888746652860259,0.9916337336064366
2022-02-13,16939,0.999940964637818,0.9841615784958831,0.9876783667635354
2022-02-14,31762,0.9999370316730685,0.9765166038779726,0.9796978347130745
2022-02-15,27834,0.9998922181504635,0.9820182304277213,0.9849836484803217
2022-02-16,23125,0.9999135135135135,0.9726745121655358,0.9766701045497675
2022-02-17,25886,0.9999613690798115,0.9824073532554854,0.9854433995973938
2022-02-18,21466,0.9999068294046399,0.9748538095042922,0.9788276950759275
2022-02-19,17977,0.9999443733659676,0.9859267337080877,0.9891435464969321
2022-02-20,15449,0.9998058126739595,0.9899610071845613,0.9928496510883349
2022-02-21,27181,0.9997792575696258,0.9855897094714038,0.9882692533516965
2022-02-22,25245,1.0,0.982249647957108,0.9853361084074561
2022-02-23,21066,0.9999525301433589,0.9914572921994065,0.9937554885066087
2022-02-24,17603,0.9999431915014486,0.9829971446106843,0.9865795828984698
2022-02-25,16186,0.9999382182132708,0.9872195502960079,0.9904319377916961
2022-02-26,12380,1.0,0.99148859715255,0.9944100529153065
2022-02-27,10152,1.0,0.9899590077107037,0.9934530220251602
2022-02-28,17036,0.9998239023244894,0.9929702453195256,0.9952508409444837
2022-03-01,18369,0.9999455604551146,0.9901567891640063,0.9927963466184153
2022-03-02,21496,0.9999534797171566,0.9912815870116691,0.993583193126883
2022-03-03,20496,0.9999024199843872,0.9943632385394588,0.9962237040610225
2022-03-04,18645,0.9999463663180478,0.991326387051997,0.9937772028771332
2022-03-05,15771,0.9998731849597362,0.9911131564617444,0.9937937725708877
2022-03-06,16076,0.9999377954715103,0.9939097780784997,0.9960739336073483
2022-03-07,25901,0.9998841743562025,0.9936177949780508,0.9954063827829506
2022-03-08,20271,1.0,0.9873986949634871,0.990269574603087
2022-03-09,25480,0.9999607535321821,0.9942711949469517,0.9959715940266394
2022-03-10,17962,0.9999443269123706,0.9942408893651898,0.9962381893586216
2022-03-11,16148,0.9999380728263562,0.9933947927560165,0.9956529141756731
2022-03-12,13900,0.9999280575539569,0.9853719321253593,0.9890726635726705
2022-03-13,18021,0.9999445091837301,0.9882741940536284,0.9911950325884442
2022-03-14,26800,1.0,0.9937116901729136,0.995458440617821
2022-03-15,20420,1.0,0.9931244083307245,0.9951998322767973
2022-03-16,22348,0.9999552532665116,0.9915639666659646,0.9937854194645659
2022-03-17,22079,1.0,0.9932484924381941,0.995231699162614
2022-03-18,17783,0.9998312995557554,0.9936914784290223,0.9958003953409937
2022-03-19,17228,1.0,0.9901879760572128,0.9929020694893842
2022-03-20,14504,0.9997931605074463,0.9851801000393011,0.9888333941581591
2022-03-21,22714,1.0,0.9939572017205918,0.9958013397655454
2022-03-22,19956,0.9999498897574665,0.9914649685899422,0.9938200883189369
2022-03-23,18802,1.0,0.9937432406249737,0.9957905234414829
2022-03-24,18712,1.0,0.9949991844970002,0.9968137633594706
2022-03-25,17218,0.9999419212452085,0.9941842050457039,0.996230595653893
2022-03-26,14491,0.9999309916499897,0.9904096183234717,0.993311949091235
2022-03-27,12989,1.0,0.9914664511135809,0.994329647182198
2022-03-28,28879,0.9999653727622148,0.995918135325342,0.9972547594807775
2022-03-29,17495,0.9998856816233209,0.9948415148033353,0.9967434966979352
2022-03-30,13368,1.0,0.9928486300235966,0.9954149242144128
2022-03-31,10611,1.0,0.9883549548139402,0.9920663270232537
2022-04-01,9819,0.9998981566350952,0.9830070484159368,0.9877087614761249
2022-04-02,8057,1.0,0.9902233299923228,0.9940381383096074
2022-04-03,7339,1.0,0.9934063167966264,0.996585119181072
2022-04-04,16267,0.9998155775496403,0.9923076627939446,0.9947529498618729
2022-04-05,12319,0.9998376491598344,0.9923316626624049,0.9950972643959195
2022-04-06,12466,1.0,0.9911113521518525,0.9940933334959626
2022-04-07,13185,1.0,0.9857798484764825,0.9895163234014104
2022-04-08,10214,1.0,0.9911947545094772,0.9944375218901904
2022-04-09,7922,0.9997475385003787,0.9812543935682192,0.986718942287749
2022-04-10,7771,1.0,0.9900087742923959,0.9939314829991757
2022-04-11,15238,0.9998031237695235,0.9931451269052003,0.995510354889913
2022-04-12,12610,1.0,0.9930315726167099,0.995627888409672
2022-04-13,10880,1.0,0.9940780162461177,0.9966067843093026
2022-04-14,9602,0.9998958550302021,0.9922459375900314,0.9953517479603557
2022-04-15,8839,0.999547460119923,0.9949098792566115,0.9974424134503171
2022-04-16,7836,0.9998723838693211,0.9875773477297354,0.9919825363679713
2022-04-17,5553,0.9994597514856834,0.9796625957949003,0.9863701626309025
2022-04-18,11126,0.9999101204386123,0.9926036551638538,0.995439627492567
2022-04-19,14028,0.9999287140005703,0.9931043482232343,0.9955664722075513
2022-04-20,11839,0.9999155334065377,0.9925801979821157,0.9953442888579376
2022-04-21,10766,0.9999071149916403,0.9881217085789266,0.9918484300078656
2022-04-22,10014,0.999800279608548,0.9930075394094449,0.9958858707907713
2022-04-23,7422,1.0,0.9877720275662052,0.9922460061524961
2022-04-24,6882,1.0,0.9821488826854553,0.9878258839482598
2022-04-25,12124,0.9999175189706367,0.9944965533426435,0.9968121199447476
2022-04-26,10674,1.0,0.9935435129305161,0.9962204213353668
2022-04-27,9191,1.0,0.99263045299005,0.9957070135022927
2022-04-28,7849,1.0,0.9906711627618984,0.994430738646595
2022-04-29,7998,0.9998749687421855,0.9820885185482537,0.9873997945071185
2022-04-30,5670,1.0,0.9869334054583188,0.9921585499090452
2022-05-01,4278,1.0,0.9919880399754647,0.9964339265842339
2022-05-02,9004,0.9998889382496668,0.9898996250863509,0.9935977081710925
2022-05-03,9292,1.0,0.9916318648387805,0.9949189815493853
2022-05-04,8372,0.9998805542283803,0.9900605411883734,0.9938460872691491
2022-05-05,8553,1.0,0.9936678701473175,0.996579524895997
2022-05-06,8135,0.9998770743700062,0.9877624600042559,0.992059319259625
2022-05-07,5697,1.0,0.9885490294106328,0.9933942047761686
2022-05-08,4875,1.0,0.9901027565370206,0.9948699784408428
2022-05-09,10959,0.9999087507984306,0.9908899703732736,0.9940920110761388
2022-05-10,9174,1.0,0.9873707761940915,0.9915115890168907
2022-05-11,8250,1.0,0.9883271259396587,0.9924884478945822
2022-05-12,8383,0.9998807109626625,0.9861926061102982,0.9907178799332044
2022-05-13,7765,0.9998712169993561,0.9811544858601097,0.9866845241106466
2022-05-14,5707,1.0,0.9875969586303519,0.9926588985544866
2022-05-15,4539,0.9997796871557612,0.9893746659015776,0.9944915880670981
2022-05-16,9753,1.0,0.9891076528530534,0.9928260670068845
2022-05-17,8631,0.9998841385702699,0.9907391781874431,0.9943310799623661
2022-05-18,8108,1.0,0.9833705931081916,0.9884448622246704
2022-05-19,7082,1.0,0.986425812615486,0.9912619129199306
2022-05-20,6770,1.0,0.9787513030154618,0.985023187615148
2022-05-21,5003,1.0,0.9933796255378226,0.9971069310480917
2022-05-22,4998,0.9997999199679872,0.9921919017949922,0.9963038376093677
2022-05-23,9135,1.0,0.9900442526857528,0.993689553592462
2022-05-24,8763,0.9998858838297386,0.9845941415034093,0.9892971044845822
2022-05-25,7866,0.9998728705822527,0.9872112004028781,0.9916788833839754
2022-05-26,5708,0.9998248072880168,0.9883739199859838,0.9932566753431208
2022-05-27,6717,1.0,0.9848950655617946,0.9901423309584302
2022-05-28,4492,1.0,0.991061384606342,0.9957105660295955
2022-05-29,4592,1.0,0.9885088266140362,0.9938332668029212
2022-05-30,5271,1.0,0.9768095629865838,0.9841707678584153
2022-05-31,10487,0.9998092876895204,0.9858806259655155,0.990017120827051
2022-06-01,7821,1.0,0.9852156598115261,0.9900594927682197
2022-06-02,7409,1.0,0.9880449984752321,0.9924674698805919
2022-06-03,6605,1.0,0.986442847373671,0.9914279645910968
2022-06-04,4853,1.0,0.9831902076763633,0.9896163938201172
2022-06-05,4852,1.0,0.990056252467409,0.9948458142852743
2022-06-06,8786,1.0,0.9837927954709802,0.9886181606389343
2022-06-07,9449,0.9998941686951001,0.9715125193385281,0.97776041432821
2022-06-08,8579,0.9998834362979369,0.979141587879796,0.9847120026911295
2022-06-09,8080,1.0,0.97407218921426,0.9804805557863214
2022-06-10,6977,0.9998566719220295,0.9828419363898859,0.9883662330132261
2022-06-11,5206,1.0,0.9604828819831319,0.9702209963290692
2022-06-12,4609,1.0,0.9719814752328335,0.9806229906886998
2022-06-13,9745,0.9997947665469471,0.9762010029566999,0.9818210736654558
2022-06-14,7839,1.0,0.9815995521987937,0.9870363292879786
2022-06-15,9507,1.0,0.9729566189775934,0.9790243718659813
2022-06-16,7421,1.0,0.9824260439217785,0.9878664171699052
2022-06-17,7544,1.0,0.9500105699343168,0.959179058862293
2022-06-18,5116,0.9998045347928068,0.9670569318212211,0.9760130097543904
2022-06-19,4056,1.0,0.9815505302948891,0.9888679485317791
2022-06-20,9590,1.0,0.9748749809689968,0.9806960039896186
2022-06-21,9484,0.9998945592576972,0.9725706693638928,0.9786894293400399
2022-06-22,8786,0.999658547689506,0.9723957699379331,0.9787592176189829
2022-06-23,8584,1.0,0.9623834390505978,0.969893783039194
2022-06-24,8103,1.0,0.973390040238872,0.9798755335973607
2022-06-25,5578,1.0,0.9577033419428959,0.9674556273827453
2022-06-26,5575,0.9998206278026905,0.936450707022438,0.9483118663072246
2022-06-27,12003,0.999916687494793,0.9387196685547623,0.9467857319051005
2022-06-28,10077,0.9998015282326089,0.9674845639531119,0.9739612625586808
2022-06-29,9589,0.9998957138387736,0.9672289194909865,0.973885246330678
2022-06-30,9231,1.0,0.9623765493741147,0.9696330373928391
2022-07-01,8770,0.9997719498289623,0.9810080801845378,0.9862589919446936
2022-07-02,5978,1.0,0.9843164611130644,0.9899579405153969
2022-07-03,5486,1.0,0.9752224422818377,0.9827068720248668
2022-07-04,7007,1.0,0.9482698395221228,0.957923190254314
2022-07-05,12897,0.9998449251763976,0.9674051523501438,0.9731718102883516
2022-07-06,10413,1.0,0.9652804015250784,0.971867226502847
2022-07-07,8612,0.9998838829540176,0.94327773738098,0.9524130161587319
2022-07-08,9157,0.9998907939281424,0.9671401582188547,0.9739523671156105
2022-07-09,5651,0.9998230401698814,0.971718471722108,0.9796281005715312
2022-07-10,6413,1.0,0.9807016250019208,0.9868115254478617
2022-07-11,11626,1.0,0.9625432591610801,0.9690304585529471
2022-07-12,9987,0.99989986983078,0.9683963935542447,0.9748088013584862
2022-07-13,9072,0.9997795414462081,0.9479703705238323,0.9565266665634642
2022-07-14,8937,1.0,0.9632678823940939,0.9705501724225513
2022-07-15,8101,0.9998765584495741,0.959256801650539,0.9672854364056385
2022-07-16,6448,0.9998449131513648,0.9542361913428942,0.9637036453366792
2022-07-17,5588,1.0,0.9554981408239157,0.9654891245339594
2022-07-18,11000,0.9999090909090909,0.9553223698103931,0.9625773334072665
2022-07-19,9509,1.0,0.968218686484605,0.9747996356913124
2022-07-20,8074,0.9998761456527124,0.9555226191361812,0.9639147042381975
2022-07-21,7968,1.0,0.9646451391778064,0.9721894166658929
2022-07-22,8083,1.0,0.9640297524800292,0.9715877004532416
2022-07-23,5254,1.0,0.9714022403933491,0.9796279457947525
2022-07-24,5429,1.0,0.9809791792998496,0.9875154581685404
2022-07-25,10756,1.0,0.9658939536852638,0.972323199147545
2022-07-26,7777,1.0,0.9627912376993323,0.9706184618279954
2022-07-27,7337,0.9998637045113806,0.9394470466637105,0.9496172895173748
2022-07-28,6494,1.0,0.9645365267455054,0.9728551348768032
2022-07-29,6603,0.9998485536877177,0.9510284605428992,0.9607018069450688
2022-07-30,5034,0.9998013508144616,0.9883863252067434,0.9935376143232746
2022-07-31,4865,1.0,0.9857048539548825,0.9915762350811733
2022-08-01,9569,1.0,0.970813477897296,0.9771004479769139
2022-08-02,7828,0.9998722534491569,0.9785047484683658,0.9844076904598437
2022-08-03,6408,1.0,0.9697197471629562,0.9774476330486211
2022-08-04,5656,0.9998231966053748,0.9731976015311374,0.9808872217911448
2022-08-05,5461,0.999816883354697,0.973398311019243,0.9811823305219307
2022-08-06,3502,1.0,0.9759240778987796,0.9849467116739871
2022-08-07,3454,1.0,0.9847739457210538,0.9918216198315866
2022-08-08,7690,0.9998699609882965,0.9706788573697434,0.9776618921140715
2022-08-09,5897,0.999830422248601,0.9723461119696977,0.9800125198752684
2022-08-10,5645,1.0,0.9657582467582965,0.9744837965915861
2022-08-11,6106,1.0,0.9809614743467017,0.9871637634554036
2022-08-12,5992,1.0,0.9804289838561956,0.9867769901225177
2022-08-13,4274,1.0,0.9858269576599358,0.9920071979668568
2022-08-14,4056,1.0,0.9856247137151345,0.9919958650128553
2022-08-15,7389,1.0,0.9637116848039367,0.9716310958057057
2022-08-16,5906,0.9998306806637318,0.943784781830388,0.9546793539110714
2022-08-17,5776,1.0,0.9621804683309603,0.9712556796171465
2022-08-18,5556,1.0,0.9770307935934062,0.9841816721889827
2022-08-19,5130,1.0,0.9809311077830034,0.9876445390107159
2022-08-20,3662,1.0,0.9801953068959068,0.988151022961372
2022-08-21,3773,1.0,0.990611754657019,0.9957487398187307
2022-08-22,7696,1.0,0.9764011864268295,0.9826460095365043
2022-08-23,5214,1.0,0.9753579892048262,0.982996019294319
2022-08-24,4595,0.9997823721436344,0.9771319164207853,0.9849070135613938
2022-08-25,4495,1.0,0.976404051079973,0.9843877931380615
2022-08-26,5104,1.0,0.9825193112583561,0.9889389665391733
2022-08-27,4495,1.0,0.9875113029734569,0.9931439130111746
2022-08-28,3790,1.0,0.9903437461087935,0.995557318758626
2022-08-29,7016,1.0,0.980079449402456,0.9860436818349706
2022-08-30,5258,0.99961962723469,0.9779450147415759,0.9851224763710977
2022-08-31,4663,1.0,0.9720753830403625,0.9806560762863762
2022-09-01,4108,1.0,0.9686633513278601,0.9783167532786227
2022-09-02,3823,1.0,0.9707225326628656,0.9803487883514799
2022-09-03,3458,1.0,0.9806250905648215,0.9886843968064931
2022-09-04,3624,1.0,0.986101137902375,0.9926587626619495
2022-09-05,4084,1.0,0.9534840206851295,0.9653104233251855
2022-09-06,7279,1.0,0.9764954302420282,0.9828899258721278
2022-09-07,4939,1.0,0.9665354186679237,0.97571089654755
2022-09-08,4143,1.0,0.9724234299956782,0.9814184480513364
2022-09-09,3792,1.0,0.9664039838649618,0.9767840829698107
2022-09-10,3760,1.0,0.9821563244386562,0.9895821250818899
2022-09-11,3151,1.0,0.983331467943737,0.9910437170998795
2022-09-12,6981,1.0,0.9778873183974933,0.9842020880315567
2022-09-13,6169,0.9996757983465716,0.9809746275280316,0.9871468193434287
2022-09-14,4880,0.9997950819672131,0.9737071125430268,0.9818520542382269
2022-09-15,4753,0.9995792131285504,0.9763167684460613,0.9841188127038777
2022-09-16,4965,0.9995971802618329,0.9708065387095378,0.9793408500073459
2022-09-17,3270,0.9996941896024465,0.9839245622699249,0.991363627841583
2022-09-18,2956,1.0,0.9796226657763105,0.9884922209163216
2022-09-19,6334,1.0,0.9701767042175182,0.9778863508459595
2022-09-20,5280,0.9996212121212121,0.9602499795344339,0.9699542508348021
2022-09-21,5193,0.9998074330829964,0.9690984420846313,0.9777062756566149
2022-09-22,4582,1.0,0.9620404989298822,0.9721679353772896
2022-09-23,4332,1.0,0.9583227058924028,0.969217192333054
2022-09-24,3016,0.9996684350132626,0.9686393419040417,0.9797462649025835
2022-09-25,2760,0.9996376811594203,0.9746467651408033,0.9849529511810793
2022-09-26,6368,0.9998429648241206,0.9635407262748545,0.9720538943280789
2022-09-27,4826,0.9997927890592623,0.9583060737480116,0.96866934200166
2022-09-28,4413,0.9995467935644686,0.956121324562414,0.9672053816808347
2022-09-29,4195,0.999761620977354,0.9469936329246703,0.9594451630556302
2022-09-30,3707,0.9997302400863232,0.946350890637552,0.9596227681204914
2022-10-01,3372,1.0,0.9684623659164561,0.9790556966697239
2022-10-02,3044,1.0,0.9476992417576872,0.9620638010216157
2022-10-03,5697,0.9996489380375636,0.9522035657888981,0.9624569756713217
2022-10-04,5525,1.0,0.9190033101860455,0.9323004658176588
2022-10-05,4871,1.0,0.9536410790770312,0.9645138974528413
2022-10-06,4305,0.9997677119628339,0.9606095988291266,0.9712314966463161
2022-10-07,4517,0.9997786141244188,0.9601779683452223,0.9706227664488785
2022-10-08,3061,1.0,0.9144096227178709,0.9324803825208479
2022-10-09,2771,1.0,0.9389994709734467,0.9551745854372554
2022-10-10,6393,1.0,0.9471191418659964,0.9573095748565661
2022-10-11,5214,0.9998082086689681,0.9563698219496448,0.9665922350543799
2022-10-12,4504,0.9995559502664298,0.9591740543505413,0.9697653769141081
2022-10-13,4547,0.9997800747745766,0.9602116214547679,0.97061993102197
2022-10-14,4683,1.0,0.964335027931566,0.974049051513652
2022-10-15,3059,1.0,0.9543973494145622,0.9677835213703457
2022-10-16,2620,1.0,0.9696666089479412,0.9812822862548117
2022-10-17,6412,1.0,0.9705294882323338,0.9781489669806854
2022-10-18,4372,1.0,0.9618882027095907,0.9722590378216717
2022-10-19,4346,0.9990796134376438,0.9741389071813386,0.982651983736932
2022-10-20,3887,0.9997427321842037,0.9552696929207213,0.9671397285013683
2022-10-21,3718,0.9994620763851533,0.9646382921336049,0.9753953372237889
2022-10-22,2347,1.0,0.9739919151831797,0.9852040550593917
2022-10-23,2572,1.0,0.9695281920686286,0.9812677935638551
2022-10-24,5559,1.0,0.9514355050509856,0.9618871631600318
2022-10-25,3641,1.0,0.9603176682753635,0.971834984331418
2022-10-26,4556,1.0,0.9703036905588676,0.9792579883483049
2022-10-27,3965,1.0,0.9303431225356918,0.9448964515481026
2022-10-28,3722,1.0,0.9727577386315192,0.9821376039989984
2022-10-29,2588,1.0,0.9854655605093354,0.9932032787359418
2022-10-30,2409,1.0,0.9728453754036667,0.9841966682082279
2022-10-31,4638,1.0,0.9717055589217529,0.980366550506546
2022-11-01,4276,1.0,0.9781979216196867,0.986024468836385
2022-11-02,3648,1.0,0.9473965332728868,0.9606389692947053
2022-11-03,4090,0.9995110024449878,0.9785226617396706,0.9864431923538409
2022-11-04,3762,1.0,0.97109150772301,0.9807235733007996
2022-11-05,2346,1.0,0.9834958645834019,0.992168647515343
2022-11-06,2547,1.0,0.9747082708985194,0.9853655759670491
2022-11-07,4945,1.0,0.959479667901826,0.9695800246416131
2022-11-08,4267,1.0,0.973205064942746,0.9819475103189719
2022-11-09,4039,1.0,0.9751079592668084,0.9837267182448053
2022-11-10,3757,1.0,0.9685663929949363,0.9786364137713399
2022-11-11,3378,1.0,0.9818005887082503,0.9896645265073373
2022-11-12,2491,0.9995985547972702,0.9839753374153103,0.9922953371583823
2022-11-13,2277,1.0,0.9680244341637394,0.9807358410083802
2022-11-14,5214,1.0,0.9550635262207207,0.9654345972886248
2022-11-15,4139,0.9997583957477651,0.9811221537780729,0.9884671856489884
2022-11-16,4192,1.0,0.9863520675633743,0.9924530852406371
2022-11-17,4319,1.0,0.9477829941031446,0.9599750166846941
2022-11-18,3477,1.0,0.9525126172994967,0.9653885391346764
2022-11-19,2336,1.0,0.9607401074387313,0.9747516897055848
2022-11-20,2356,1.0,0.9619394314325789,0.9756729423554278
2022-11-21,5363,1.0,0.9449331651289347,0.9562260736420474
2022-11-22,4594,1.0,0.9469834458670243,0.9589140233760044
2022-11-23,4318,1.0,0.9759471952178008,0.9841599011896562
2022-11-24,2711,1.0,0.9618043292666937,0.9747225607616363
2022-11-25,4266,1.0,0.9829562610223809,0.9898087230251054
2022-11-26,3428,1.0,0.9729377269516997,0.9826356375924691
2022-11-27,3717,1.0,0.9701904787066431,0.9800325195426812
2022-11-28,7113,0.9998594123435962,0.9627653265589257,0.9709324034927787
2022-11-29,5475,1.0,0.9801639581385114,0.9868235029521398
2022-11-30,5165,0.9998063891577929,0.9761366750485037,0.9836797200419709
2022-12-01,4790,1.0,0.9702105113073725,0.978976055939374
2022-12-02,4970,1.0,0.985781251579896,0.9915810101385878
2022-12-03,2904,0.9996556473829201,0.9846491654270898,0.9922663648280964
2022-12-04,2582,1.0,0.9797243015134066,0.9890960646374497
2022-12-05,6801,1.0,0.9797699825723195,0.9858689884206024
2022-12-06,5523,1.0,0.9736943474294082,0.9813925750349438
2022-12-07,5326,0.9998122418325197,0.9778293100839862,0.9849843431368446
2022-12-08,5255,0.9996194100856327,0.9682833574313381,0.9769599752623318
2022-12-09,4581,1.0,0.9786903168399705,0.9861870329075536
2022-12-10,3131,1.0,0.9818022000236009,0.9899265356062681
2022-12-11,3058,1.0,0.9806511634372576,0.9891440137613481
2022-12-12,6981,1.0,0.9747779258999882,0.981539692913686
2022-12-13,4953,1.0,0.9774754093713962,0.9849310154162646
2022-12-14,4919,0.9997967066476926,0.9827474892652726,0.989227252377829
2022-12-15,5101,1.0,0.9699650900872577,0.9785172007861432
2022-12-16,4957,1.0,0.968911476462428,0.9777322818047576
2022-12-17,3398,1.0,0.9790056992941998,0.9874931709837216
2022-12-18,3453,1.0,0.9793338734641495,0.9876895186523639
2022-12-19,7637,1.0,0.9649808497972618,0.9726410296327574
2022-12-20,5223,0.999808539153743,0.9449795461373078,0.9564113147020655
2022-12-21,5094,1.0,0.966726394757771,0.9757453581535424
2022-12-22,4621,1.0,0.9573948063964786,0.9680834517784684
2022-12-23,4434,1.0,0.9796841532991047,0.9870977438971968
2022-12-24,2082,1.0,0.9728552537661815,0.9849426396985086
2022-12-25,1298,1.0,0.9662319847324708,0.9829062037900642
2022-12-26,4170,1.0,0.9815249189257709,0.9887593061087616
2022-12-27,5238,1.0,0.9705335685230391,0.9788991677391305
2022-12-28,5635,1.0,0.9816628570928552,0.9879656525430509
2022-12-29,5001,1.0,0.9783212628201117,0.9855948675655711
2022-12-30,4551,1.0,0.9811426264898554,0.9881812361614949
2022-12-31,2685,1.0,0.9829985586419562,0.9913417556511314
2023-01-01,1524,1.0,0.9725747720768855,0.9864444247400438
2023-01-02,5373,1.0,0.9762656216910587,0.9836527103169249
2023-01-03,5538,1.0,0.983284169137058,0.989326488069298
2023-01-04,4589,1.0,0.98106119762264,0.9880903171961348
2023-01-05,3964,1.0,0.982506754852501,0.9896846909766932
2023-01-06,3925,0.9997452229299363,0.9834518462352511,0.9904431424440368
2023-01-07,2356,0.9995755517826825,0.9797019708227728,0.9894515437623194
2023-01-08,2254,1.0,0.9854073453644997,0.9936080388621941
2023-01-09,5023,1.0,0.9828870701939503,0.9892781556639335
2023-01-10,3608,1.0,0.9790022995918911,0.9872703195755588
2023-01-11,3133,1.0,0.9818136285851028,0.9899328885999041
2023-01-12,2935,1.0,0.9625215593412701,0.9748625045227522
2023-01-13,2916,1.0,0.9686826704522712,0.9799484691712734
2023-01-14,1731,0.9994222992489891,0.9674922912180526,0.9819451825556369
2023-01-15,1734,0.9994232987312572,0.9644490261772845,0.979612340388802
2023-01-16,3647,1.0,0.9645508971124594,0.9754142518720169
2023-01-17,3452,1.0,0.9718997549945678,0.9817628751413523
2023-01-18,2936,1.0,0.9703230598661999,0.9812381248869267
2023-01-19,2330,1.0,0.9673657161283944,0.9800873429799827
2023-01-20,2603,1.0,0.986891051290258,0.9941566285395844
2023-01-21,1709,1.0,0.9715718649730862,0.9850613715647453
2023-01-22,1866,1.0,0.9843102806095254,0.9935377295147753
2023-01-23,4409,0.9995463823996371,0.9712014491885688,0.9801485605130326
2023-01-24,3167,0.9996842437638144,0.9813001780057554,0.9895097057533698
2023-01-25,3046,0.9993434011818779,0.98312259562275,0.9910038793071364
2023-01-26,2811,1.0,0.9829450954704043,0.9911441311027498
2023-01-27,2971,1.0,0.9892935388160312,0.9954047175937871
2023-01-28,1824,0.9994517543859649,0.9763644266871682,0.9881957381837227
2023-01-29,1601,1.0,0.9774008362507309,0.9895642970481123
2023-01-30,4141,0.9997585124366095,0.9829743191478237,0.989913060076008
2023-01-31,3153,0.9993656834760546,0.9569450242447013,0.9697726024195404
2023-02-01,2985,1.0,0.9816714053796071,0.9899965524436667
2023-02-02,2948,1.0,0.985655412677892,0.9929344627869884
2023-02-03,2920,0.9996575342465753,0.9734281239292287,0.9837415965678321
2023-02-04,1763,1.0,0.9566881181706818,0.9734088350044867
2023-02-05,1925,1.0,0.9718317253483547,0.9845903544777591
2023-02-06,3998,0.9997498749374687,0.9801971377007038,0.9878524043877476
2023-02-07,3415,1.0,0.9862565173509571,0.9929369678063117
2023-02-08,3725,1.0,0.9864734797434866,0.9928560810112727
2023-02-09,3140,0.9996815286624203,0.9854259333215011,0.9925825416603745
2023-02-10,2984,1.0,0.9873731549984412,0.9940984658060498
2023-02-11,1828,1.0,0.9627513612252762,0.9779427034299951
2023-02-12,1855,1.0,0.9604420210654139,0.9760273933012367
2023-02-13,3998,0.9997498749374687,0.9876674083022574,0.9935452308064953
2023-02-14,3255,1.0,0.9838564112069718,0.9913268723079188
2023-02-15,3251,1.0,0.9898431948423151,0.995556892851884
2023-02-16,3499,1.0,0.9710675005880867,0.981023609317631
2023-02-17,2979,1.0,0.9812618762733268,0.9896980576286666
2023-02-18,1803,1.0,0.9871079175130384,0.995404784305725
2023-02-19,1727,1.0,0.9674374617962067,0.981914498378817
2023-02-20,3704,1.0,0.988553792232114,0.994366404279156
2023-02-21,3522,1.0,0.9860247094007102,0.9926824852145696
2023-02-22,2967,1.0,0.9793261639397979,0.9882527838750909
2023-02-23,3736,1.0,0.9883429045917624,0.9941963778856558
2023-02-24,2633,1.0,0.9805335750425415,0.989617330341912
2023-02-25,1683,1.0,0.9840432239426411,0.9937471997681075
2023-02-26,1566,1.0,0.9776378559031679,0.989835950778751
2023-02-27,3558,1.0,0.9877659905759387,0.9939082363089871
2023-02-28,3426,0.9997081144191476,0.9839925043410888,0.991268153090651
2023-03-01,3046,1.0,0.988393623535606,0.9947409660932155
2023-03-02,3526,1.0,0.9892959788301108,0.994999834571701
2023-03-03,2552,1.0,0.9852631643146118,0.993108243133467
2023-03-04,1614,1.0,0.9818987504474124,0.9925388493789848
2023-03-05,1539,1.0,0.9750304932903259,0.9881240058642384
2023-03-06,3297,1.0,0.9780461952566107,0.9868593559760622
2023-03-07,2934,1.0,0.9844216140124873,0.9920693574347953
2023-03-08,3316,1.0,0.9834740566767193,0.9909842456723112
2023-03-09,2382,1.0,0.9861821195729428,0.9939487993380024
2023-03-10,2338,1.0,0.971580698857295,0.9833697038761188
2023-03-11,1308,1.0,0.9768520010747014,0.9902299702347998
2023-03-12,1295,1.0,0.9704473749390905,0.985926297451337
2023-03-13,3115,1.0,0.9831417122761261,0.9909413449614503
2023-03-14,2830,1.0,0.9783447362601171,0.9876924106625045
2023-03-15,3187,1.0,0.9845757422447804,0.9919209038874625
2023-03-16,2243,1.0,0.9772172477649544,0.9878387105999493
2023-03-17,1943,0.9994853319608852,0.9807120671804522,0.9909684166880288
2023-03-18,1161,1.0,0.9770102038311165,0.9909706152566531
2023-03-19,1165,1.0,0.9781060005401256,0.9916438799502286
2023-03-20,2817,1.0,0.9588386412127095,0.9720337732360742
2023-03-21,2406,1.0,0.9843810905689739,0.99269393762662
2023-03-22,2818,1.0,0.9858173770953604,0.9931844032141137
2023-03-23,2091,1.0,0.9837265240703443,0.992739326822376
2023-03-24,1971,1.0,0.9863475393794319,0.9946541627639516
2023-03-25,1180,1.0,0.9835372516408024,0.9948351116917096
2023-03-26,1248,1.0,0.9729917958637314,0.987911896014538
2023-03-27,2394,0.9995822890559732,0.9772289783821623,0.9875588897057397
2023-03-28,1812,1.0,0.976223943280738,0.9881251378748953
2023-03-29,2461,0.9995936611133686,0.9861381899816154,0.9938196810786082
2023-03-30,1707,1.0,0.9808089168569951,0.9915823276745303
2023-03-31,1373,1.0,0.9779269906012138,0.9906867734791227
2023-04-01,995,1.0,0.979286691397043,0.9931703186824788
2023-04-02,882,1.0,0.9699254545574029,0.9881606593301273
2023-04-03,1847,1.0,0.9748480496300627,0.987036492816369
2023-04-04,1488,0.9993279569892473,0.9764741262082642,0.989303417793696
2023-04-05,1479,1.0,0.9710072084051973,0.9854997339327594
2023-04-06,1842,0.998371335504886,0.9741367890336193,0.9865406184750865
2023-04-07,1021,1.0,0.9798051513771252,0.9933425309689535
2023-04-08,796,0.9987437185929648,0.9638320209636576,0.9850069718192969
2023-04-09,622,1.0,0.9615131703828018,0.985678772212685
2023-04-10,1519,1.0,0.9823464955944341,0.9930785091593016
2023-04-11,1623,1.0,0.9694292668798822,0.9837864719260234
2023-04-12,2017,1.0,0.9736296154646382,0.9856871995685987
2023-04-13,1270,1.0,0.9620751230681501,0.9800235245851233
2023-04-14,1198,1.0,0.9563024976797502,0.9761835778390601
2023-04-15,741,1.0,0.969116404145214,0.9889227966576939
2023-04-16,748,1.0,0.9647009202582509,0.986080098874949
2023-04-17,1643,1.0,0.9671384245810997,0.9820027744508473
2023-04-18,1121,1.0,0.9650051518436052,0.9830869364363457
2023-04-19,1671,1.0,0.9689748917431631,0.9832718036340528
2023-04-20,1066,1.0,0.9663910615048809,0.9844314136367286
2023-04-21,1008,1.0,0.9701402855517922,0.987371022385395
2023-04-22,631,1.0,0.9620443164965308,0.9858789928145382
2023-04-23,676,1.0,0.9593752980219123,0.98353208955716
2023-04-24,1401,1.0,0.9624224045292259,0.9795493659402844
2023-04-25,1173,1.0,0.9627516296875909,0.9811272043962129
2023-04-26,1315,1.0,0.9752109400038277,0.9891087827732697
2023-04-27,974,1.0,0.9739084184031563,0.9900278869396668
2023-04-28,837,1.0,0.9601883914252443,0.9821139936416476
2023-04-29,568,1.0,0.9480479933371178,0.9778754294165379
2023-04-30,634,1.0,0.9480173527862438,0.9765612451712696
2023-05-01,1202,1.0,0.9682243966176862,0.9848583027331467
2023-05-02,1112,1.0,0.9647306725384853,0.9829529927522334
2023-05-03,1137,1.0,0.9503551530637714,0.9721310256794462
2023-05-04,961,0.9989594172736732,0.9514724070967665,0.9746003555915316
2023-05-05,807,0.9987608426270136,0.9505661075111532,0.9757112731051634
2023-05-06,461,0.9978308026030369,0.9485549703727985,0.9807711366321067
2023-05-07,469,1.0,0.9376730032670068,0.973370220356973
2023-05-08,973,1.0,0.9445400282230362,0.9692428404780457
2023-05-09,905,1.0,0.9463299793800184,0.9713712509316956
2023-05-10,988,0.9989878542510121,0.9516667054316884,0.9744741910804904
2023-05-11,919,0.998911860718172,0.9482006233733062,0.9726196876259238
2023-05-12,588,1.0,0.9574047367909223,0.9836299011805492
2023-05-13,367,1.0,0.9551409835942074,0.9873571524709314
2023-05-14,439,1.0,0.9411115648863382,0.9765957499803465
2023-05-15,922,0.9989154013015185,0.9553238236388755,0.9778152436158398
2023-05-16,776,1.0,0.9501270821064682,0.9757970099432604
2023-05-17,791,0.9987357774968394,0.9523439156931668,0.9771898701188584
2023-05-18,652,1.0,0.936295762292056,0.9678428338558768
2023-05-19,600,1.0,0.9470281007568089,0.9765282751696236
2023-05-20,419,1.0,0.9547783948953672,0.9856570082563822
2023-05-21,413,1.0,0.9513012166047823,0.9837759773987846
2023-05-22,924,0.9989177489177489,0.9542457193365601,0.9770147312431601
2023-05-23,677,1.0,0.9339195328550782,0.9655804402858245
2023-05-24,597,1.0,0.9377773332695198,0.9700949708275647
2023-05-25,516,1.0,0.9388627532823667,0.9728428079000896
2023-05-26,528,1.0,0.9321226353045905,0.9677743963975987
2023-05-27,318,1.0,0.9485276998052545,0.9854540001986146
2023-05-28,351,1.0,0.9497668309181068,0.9848853578673827
2023-05-29,560,1.0,0.9724559313635291,0.9928463481488393
2023-05-30,620,1.0,0.9434081973556342,0.9736106867603042
2023-05-31,648,1.0,0.9559389744833807,0.9816892226946117
2023-06-01,498,1.0,0.9433167848397734,0.976348618230949
2023-06-02,567,1.0,0.913230951585814,0.9525676426721049
2023-06-03,283,1.0,0.934255049719667,0.9789820534922417
2023-06-04,305,1.0,0.9170854184374242,0.9667796251911362
2023-06-05,633,1.0,0.9328579573910496,0.9657105527016242
2023-06-06,528,0.9981060606060606,0.9442012809593039,0.9762085065367747
2023-06-07,447,1.0,0.913871708173285,0.9572490950251039
2023-06-08,409,1.0,0.9424557625497175,0.9784458047593054
2023-06-09,376,1.0,0.9467255500561321,0.9822212488544481
2023-06-10,278,1.0,0.9414859757198017,0.9834161015621278
2023-06-11,259,1.0,0.9419998891618867,0.9847410546222292
2023-06-12,558,1.0,0.9552025456567361,0.9827707674449859
2023-06-13,405,1.0,0.9284341864183593,0.9693331943581325
2023-06-14,350,1.0,0.946268264776999,0.9829020929892205
2023-06-15,306,0.9967320261437909,0.9241089775292092,0.9713905506351774
2023-06-16,297,1.0,0.9491041847465929,0.9866505840410316
2023-06-17,181,1.0,0.8944796588538769,0.9640786946648914
2023-06-18,177,1.0,0.8982789780627835,0.9670182254634591
2023-06-19,398,1.0,0.9409456934704039,0.9778685515569637
2023-06-20,357,1.0,0.9314628142184479,0.9734266671976165
2023-06-21,398,1.0,0.9585132822433754,0.9883236495571043
2023-06-22,375,1.0,0.9435258525111241,0.9803168431087387
2023-06-23,322,1.0,0.9454507991593493,0.9835585909817173
2023-06-24,198,1.0,0.9373281788648772,0.986452238529908
2023-06-25,200,1.0,0.9201986767267833,0.9771822863932084
2023-06-26,513,0.9980506822612085,0.9558229973760113,0.9840805511562293
2023-06-27,396,1.0,0.940662580888256,0.9777602580941412
2023-06-28,377,1.0,0.9499535707380569,0.9840973314632407
2023-06-29,373,1.0,0.9558358074680263,0.9875565068910268
2023-06-30,299,1.0,0.9375872923309972,0.9800730815646239
2023-07-01,163,1.0,0.932229337072173,0.9872220646838629
2023-07-02,180,1.0,0.9247595762941603,0.9817513731005206
2023-07-03,499,0.9979959919839679,0.9433167848397734,0.976348618230949
2023-07-04,231,1.0,0.9063808456495944,0.9656598420810745
2023-07-05,439,1.0,0.9462072427212013,0.9798772371513135
2023-07-06,421,1.0,0.9636384218168665,0.9905212522994845
2023-07-07,411,0.9951338199513382,0.9397259123460668,0.9766963750439626
2023-07-08,247,0.9959514170040485,0.9116577895507059,0.967657678518014
2023-07-09,220,1.0,0.9490428339115422,0.9904716599567054
2023-07-10,573,1.0,0.9334896585868121,0.9675727022031865
2023-07-11,487,1.0,0.951288383237261,0.9818100412497721
2023-07-12,440,1.0,0.9362562654913367,0.9733421802836327
2023-07-13,404,1.0,0.9282680510816761,0.9692603800012294
2023-07-14,419,1.0,0.9437630674284275,0.9789450534993234
2023-07-15,231,1.0,0.9253163662268916,0.9773080243995379
2023-07-16,259,1.0,0.9374194158516206,0.9822337939587984
2023-07-17,619,1.0,0.931431356631627,0.9649686277310037
2023-07-18,574,1.0,0.9505012120462899,0.9793937550605606
2023-07-19,499,1.0,0.9456397026152262,0.9778656395079836
2023-07-20,460,1.0,0.9485549703727985,0.9807711366321067
2023-07-21,439,1.0,0.9540731317105363,0.9847152288967608
2023-07-22,348,1.0,0.9329477938015431,0.974800945708916
2023-07-23,295,1.0,0.9447011639975018,0.984348061318375
2023-07-24,740,1.0,0.9449256746369644,0.9725747543914053
2023-07-25,710,1.0,0.9533559417413109,0.9790018404468828
2023-07-26,671,1.0,0.9590832378855028,0.9834121319075351
2023-07-27,604,1.0,0.9349783297565506,0.9679149485720008
2023-07-28,629,1.0,0.9458949406442038,0.9751794858233038
2023-07-29,419,1.0,0.9464651479923359,0.9806443580620325
2023-07-30,520,0.9980769230769231,0.9330394320700592,0.9686810652415726
2023-07-31,952,1.0,0.956723256039795,0.978518267547767
2023-08-01,820,0.9975609756097561,0.9606633011416021,0.9826416982800903
2023-08-02,801,1.0,0.9570785155406814,0.9803744308365275
2023-08-03,831,1.0,0.9752843332484674,0.9918386800753939
2023-08-04,689,1.0,0.9472515916470851,0.9750656476445753
2023-08-05,455,1.0,0.9288341071777123,0.9677260901983548
2023-08-06,419,1.0,0.9231292203943865,0.9650786094716466
2023-08-07,1190,1.0,0.9551288519598145,0.9753548635223981
2023-08-08,1057,1.0,0.9537309905352,0.9753647915885598
2023-08-09,1036,1.0,0.9559252649001969,0.9771732479530955
2023-08-10,841,1.0,0.9399893866232619,0.9674130257547026
2023-08-11,794,1.0,0.9444910125407218,0.97144771753731
2023-08-12,554,1.0,0.9569628270547926,0.9839604578463039
2023-08-13,511,0.9960861056751468,0.9216558155074609,0.9607378698696364
2023-08-14,1221,1.0,0.9562236549855327,0.975962488999623
2023-08-15,977,1.0,0.9511933953684962,0.9742211431397632
2023-08-16,1141,1.0,0.9627004959850741,0.9813042066891636
2023-08-17,1107,1.0,0.9645763154752947,0.9828776588087497
2023-08-18,1075,1.0,0.9796644366819861,0.9930041262304363
2023-08-19,645,1.0,0.9405264161619785,0.9710605784908324
2023-08-20,597,1.0,0.9504635094762779,0.9789200885300412
2023-08-21,1822,0.9994511525795828,0.9620339686749596,0.9774068863417608
2023-08-22,1416,0.9992937853107344,0.9516156950884253,0.9711428971510664
2023-08-23,1450,1.0,0.9689148831133112,0.9841119894197143
2023-08-24,1398,1.0,0.9766529058425159,0.9897467273751118
2023-08-25,1205,1.0,0.9495757809925518,0.9709857281109023
2023-08-26,769,0.9986996098829649,0.9596538620820796,0.9825267702157211
2023-08-27,803,1.0,0.9613535675937952,0.9832715877499324
2023-08-28,1830,0.9989071038251366,0.9650721896324331,0.9797469704924145
2023-08-29,1432,0.9993016759776536,0.9485445153369118,0.9686095162340587
2023-08-30,1462,1.0,0.9488868470830145,0.9686936013407119
2023-08-31,1105,1.0,0.9615264575545377,0.98070972684161
2023-09-01,1040,1.0,0.9550567900112243,0.9764979442518964
2023-09-02,607,1.0,0.9494213574643401,0.9780262813109477
2023-09-03,680,1.0,0.9434355974518436,0.9724985092370604
2023-09-04,1324,1.0,0.9652178378199288,0.9820288904339299
2023-09-05,1625,1.0,0.9701411910210446,0.9843039646021691
2023-09-06,1604,0.9993765586034913,0.9683763870123642,0.9830830118744343
2023-09-07,1348,0.9992581602373887,0.9690689236827474,0.984697243269349
2023-09-08,1296,1.0,0.9636489100954679,0.9810324663315179
2023-09-09,858,1.0,0.9559752800206756,0.9789494579753859
2023-09-10,807,1.0,0.9546587426663997,0.9786122610695521
2023-09-11,1788,0.9994407158836689,0.9543619727612608,0.9714435426282105
2023-09-12,1376,1.0,0.9503057944933885,0.9703533221645059
2023-09-13,1320,1.0,0.9444351836883403,0.9660736491144892
2023-09-14,1114,0.9991023339317774,0.9512124525013425,0.9729863335967748
2023-09-15,976,1.0,0.9566354527743451,0.9782291194791118
2023-09-16,659,0.9984825493171472,0.9400331227792132,0.9704505539420497
2023-09-17,699,1.0,0.9329370112215789,0.9644136523035934
2023-09-18,1653,0.999395039322444,0.9551487351223581,0.9726758379617776
2023-09-19,1465,0.9993174061433447,0.9517555985774164,0.9709631939843815
2023-09-20,1541,0.9987021414665801,0.9540090527531817,0.9723326550758933
2023-09-21,1327,0.9992464204973625,0.9469751365702981,0.9680536597969293
2023-09-22,1093,1.0,0.9354084262352521,0.9608183809736326
2023-09-23,742,0.9986522911051213,0.9393203521483863,0.9684380418562484
2023-09-24,759,1.0,0.9285582164936396,0.9599538682634641
2023-09-25,1714,1.0,0.9460092979520297,0.9649841883331747
2023-09-26,1494,0.999330655957162,0.9540387142250223,0.9726022522241308
2023-09-27,1313,1.0,0.9342854161307796,0.9579025857249714
2023-09-28,1154,1.0,0.9438940716762495,0.9669689702294016
2023-09-29,1068,0.9990636704119851,0.9357973907142761,0.9614005828074683
2023-09-30,698,1.0,0.9432983569324573,0.9720846754510304
2023-10-01,771,1.0,0.921875143530725,0.9545069182636781
2023-10-02,1674,1.0,0.9502007087142543,0.9686004006708211
2023-10-03,1421,0.9992962702322308,0.9334246075143028,0.9563700393109842
2023-10-04,1225,1.0,0.9546336846186656,0.9747273301492112
2023-10-05,1143,1.0,0.9416029251509922,0.9652610609067861
2023-10-06,1086,1.0,0.9559005821722754,0.9767350568021593
2023-10-07,661,1.0,0.9418926015016121,0.9717361413452377
2023-10-08,690,1.0,0.9277019746601212,0.9606209589724675
2023-10-09,1533,1.0,0.9586007491416106,0.97596007910993
2023-10-10,1346,0.9977711738484398,0.9522169105733526,0.9720652112350125
2023-10-11,1126,1.0,0.9443843839998726,0.9676024454185849
2023-10-12,974,1.0,0.9320909538012846,0.9595187661402257
2023-10-13,914,1.0,0.92792293229555,0.9569949390941908
2023-10-14,522,1.0,0.9138629402658562,0.9544749291075997
2023-10-15,509,1.0,0.9338748907007014,0.9695573321374692
2023-10-16,1419,0.9992952783650458,0.9488151748293105,0.9689062073900977
2023-10-17,1033,1.0,0.9051620606706466,0.9365935746430845
2023-10-18,1001,1.0,0.9163305841197947,0.9463775430550843
2023-10-19,908,1.0,0.8855842752542176,0.9218912998511416
2023-10-20,819,1.0,0.9073578189507518,0.9418927680909006
2023-10-21,538,1.0,0.903562243258194,0.9459832499029647
2023-10-22,502,1.0,0.89540772673756,0.9408991421295232
2023-10-23,1684,1.0,0.9480773248295971,0.9668260940809965
2023-10-24,1101,0.9990917347865577,0.9339864665191621,0.9596059261225858
2023-10-25,998,1.0,0.9448233310899301,0.969190812297929
2023-10-26,894,1.0,0.9242240032296107,0.9543285782472298
2023-10-27,859,1.0,0.9316969577807716,0.960766081939549
2023-10-28,477,1.0,0.9043765241428324,0.948882965805345
2023-10-29,509,1.0,0.9023040889174445,0.9460401746112045
2023-10-30,1719,0.9988365328679465,0.9579912371936159,0.9746381773647124
2023-10-31,896,1.0,0.9115342398702282,0.9439776538115479
2023-11-01,947,1.0,0.9409208477290222,0.9667613400685128
2023-11-02,862,1.0,0.9307583030471926,0.9599868764237353
2023-11-03,748,0.9973262032085561,0.9220743646926713,0.955138873170412
2023-11-04,559,1.0,0.9245620503747771,0.9613880916462249
2023-11-05,602,0.9983388704318937,0.9329400050127422,0.9664969569002768
2023-11-06,1791,0.9988833054159687,0.9509886065825429,0.9687036116636362
2023-11-07,1056,1.0,0.9332818507431144,0.9595101154889527
2023-11-08,1050,0.9990476190476191,0.9153580370624319,0.9449395480149808
2023-11-09,980,1.0,0.9284427460227033,0.9565286354233823
2023-11-10,814,1.0,0.9173332661114014,0.9501008317846017
2023-11-11,556,1.0,0.931578264402579,0.9666228836617976
2023-11-12,604,1.0,0.913282748346687,0.9515433877455547
2023-11-13,1768,1.0,0.9550540809404093,0.9720808445752148
2023-11-14,1061,1.0,0.9171329932299962,0.9462646949328478
2023-11-15,969,0.9989680082559339,0.9050430874188504,0.9374388205908636
2023-11-16,799,1.0,0.9183137657428944,0.9511584914397635
2023-11-17,787,1.0,0.9196246761411846,0.9524253033567426
2023-11-18,540,1.0,0.8883104186748392,0.9337571704110619
2023-11-19,602,0.9983388704318937,0.916139652923192,0.9538414401080269
2023-11-20,1985,0.9994962216624685,0.9494799932716812,0.9666536852496299
2023-11-21,1024,1.0,0.9227450780793774,0.9513539696732838
2023-11-22,764,1.0,0.9329616816124944,0.9632536160399167
2023-11-23,475,1.0,0.8842350277092845,0.9331544475152402
2023-11-24,748,1.0,0.9222681822354182,0.9552524676656385
2023-11-25,589,1.0,0.9015061472016958,0.9426962266766541
2023-11-26,766,1.0,0.9495048360018625,0.9754908022300873
2023-11-27,2678,1.0,0.9730948620492832,0.9838790644457723
2023-11-28,1370,0.9992700729927008,0.9615740662139801,0.9790834002705855
2023-11-29,1234,0.9991896272285251,0.9473183970255947,0.9690083261341792
2023-11-30,1002,1.0,0.9440013239789284,0.9685172883526844
2023-12-01,1038,1.0,0.9293448197022989,0.9565484944418177
2023-12-02,683,1.0,0.9270091726164026,0.9602367499099447
2023-12-03,675,1.0,0.9306992066500602,0.963205121245798
2023-12-04,3030,1.0,0.9698285363378668,0.9806862792127228
2023-12-05,1380,0.9992753623188406,0.9322742330097725,0.9557234832159626
2023-12-06,1345,1.0,0.9228265464616267,0.9481025890766158
2023-12-07,1187,1.0,0.926954059960487,0.9529980225769628
2023-12-08,1007,1.0,0.9312217918389023,0.9584232641319457
2023-12-09,656,1.0,0.9226856923204718,0.9575134841788959
2023-12-10,816,0.9987745098039216,0.8912228101884764,0.9285208951599949
2023-12-11,2643,0.9992432841468029,0.9546807850305808,0.9689532410355503
2023-12-12,1453,0.9986235375086029,0.9208969633653794,0.9456009513871554
2023-12-13,1491,1.0,0.9305420394965631,0.9534579766564708
2023-12-14,1262,1.0,0.9159066955393886,0.943016873205677
2023-12-15,1089,1.0,0.9113375442017535,0.9410690951969568
2023-12-16,720,1.0,0.8945594904395656,0.9334546328985822
2023-12-17,804,1.0,0.8746522196421566,0.9146097327365967
2023-12-18,2459,1.0,0.941082408836178,0.9578922815924347
2023-12-19,1517,1.0,0.9118376430076144,0.9373008253632863
2023-12-20,1395,0.9978494623655914,0.8937750498773567,0.9225958381673771
2023-12-21,1179,1.0,0.8775095980773611,0.9106242705106664
2023-12-22,1047,1.0,0.8800556038083929,0.914748414118416
2023-12-23,677,1.0,0.8703931458581798,0.9142642650930615
2023-12-24,657,1.0,0.8909886027121022,0.9321516260738449
2023-12-25,1021,1.0,0.9253774648596867,0.9535382562148937
2023-12-26,1496,1.0,0.923107420511338,0.9471409236445386
2023-12-27,1510,1.0,0.893149879571104,0.9209646709656717
2023-12-28,1402,1.0,0.8857991241583596,0.9154368705700336
2023-12-29,1251,1.0,0.9042114397496188,0.9331292015682584
2023-12-30,717,1.0,0.8533427818847434,0.8983247749252429
2023-12-31,748,1.0,0.872096870261439,0.9137656066627811
2024-01-01,1122,1.0,0.9179272721381565,0.9461994921068321
2024-01-02,1871,0.9983965793693212,0.9207726035489935,0.9427733783561056
2024-01-03,1602,1.0,0.9207881548562749,0.9444078027249349
2024-01-04,1422,0.9992967651195499,0.9134669406778334,0.9394856033866066
2024-01-05,1045,1.0,0.9195949833180505,0.9485027032774505
2024-01-06,689,1.0,0.9290696507375926,0.9616842417611376
2024-01-07,654,1.0,0.9179302225313156,0.9538787568443381
2024-01-08,1671,1.0,0.9057083935945717,0.9308077996902889
2024-01-09,1170,1.0,0.9028169119003797,0.9328388186146662
2024-01-10,1228,0.999185667752443,0.9260297731897331,0.9518457466592692
2024-01-11,1226,1.0,0.8987753803459011,0.9287030962840827
2024-01-12,899,1.0,0.8904429839964969,0.9262196766541555
2024-01-13,608,1.0,0.8950848403778495,0.9369448796035995
2024-01-14,625,1.0,0.9051820315171426,0.9445740176837327
2024-01-15,1052,1.0,0.9137926671382094,0.943595711997698
2024-01-16,1066,1.0,0.9026955727560352,0.9340477979661681
2024-01-17,1085,1.0,0.9179556203348412,0.9466558328848756
2024-01-18,957,1.0,0.9108286935313259,0.9424419906004292
2024-01-19,688,0.998546511627907,0.9130696788727882,0.9492770721074217
2024-01-20,509,1.0,0.878701912181411,0.927177330348654
2024-01-21,594,1.0,0.8913074424552502,0.9343139640237487
2024-01-22,1253,0.9992019154030327,0.9115819648833654,0.9394400291268569
2024-01-23,1144,0.9991258741258742,0.914381103219122,0.9429877590905209
2024-01-24,1067,1.0,0.9036318724280197,0.9348314230027597
2024-01-25,887,1.0,0.8640048167114295,0.9035116590437987
2024-01-26,714,1.0,0.9134033364701867,0.9489329366971342
2024-01-27,472,1.0,0.9290124533264223,0.9672714894266419
2024-01-28,430,1.0,0.9130610162630919,0.9573672864277007
2024-01-29,1189,1.0,0.942892741674407,0.9658764482612388
2024-01-30,1030,1.0,0.9222281146296917,0.9508556389697368
2024-01-31,993,1.0,0.9303132025044604,0.9578658179479492
2024-02-01,893,1.0,0.9241449652986266,0.9542801580377182
2024-02-02,772,1.0,0.9389348721318956,0.9676459189978025
2024-02-03,485,1.0,0.9308002993256981,0.968112737370233
2024-02-04,447,1.0,0.9116359530047915,0.9555935046794022
2024-02-05,1096,1.0,0.9274853475184742,0.9543824227084359
2024-02-06,1117,1.0,0.9235588887893127,0.9509289829685486
2024-02-07,948,1.0,0.9313930224719528,0.9592946242178338
2024-02-08,817,0.9987760097919217,0.9307803913671224,0.9607123397873456
2024-02-09,702,1.0,0.9134097903817657,0.9492048103493925
2024-02-10,434,1.0,0.9208328816206891,0.9628387676001243
2024-02-11,385,1.0,0.8936747241096439,0.9451206801469696
2024-02-12,967,1.0,0.937857307403509,0.9641474792090516
2024-02-13,662,1.0,0.9218353905841079,0.9567207102452718
2024-02-14,739,1.0,0.9405766938265283,0.9694028690120716
2024-02-15,648,1.0,0.9097459973615235,0.9475908628651334
2024-02-16,535,1.0,0.9233067037738841,0.9611496082959965
2024-02-17,337,1.0,0.9000401478729437,0.952787961341536
2024-02-18,371,1.0,0.9368800710068238,0.9763113380167385
2024-02-19,641,1.0,0.9352649550161495,0.9673134006222134
2024-02-20,728,1.0,0.9149410202115376,0.9498571714021936
2024-02-21,719,1.0,0.9361268198497742,0.9664364598646146
2024-02-22,675,1.0,0.9446185580437375,0.9734344442162597
2024-02-23,521,1.0,0.9332814894088767,0.9687964908676249
2024-02-24,254,1.0,0.9059171392173727,0.9631984370865928
2024-02-25,310,1.0,0.918328665098581,0.9672915229309776
2024-02-26,642,1.0,0.9386192616803364,0.9697420485886216
2024-02-27,604,1.0,0.929834026322407,0.96413723156392
2024-02-28,544,1.0,0.9301615422384348,0.9659182130275965
2024-02-29,354,1.0,0.8988573220805934,0.9508429182260678
2024-03-01,322,1.0,0.9019531618147676,0.9551693832027991
2024-03-02,205,1.0,0.9058424995398013,0.9680870499653644
2024-03-03,192,1.0,0.9112840260815428,0.972890990047364
2024-03-04,493,1.0,0.9361687328816738,0.9716227780534555
2024-03-05,429,1.0,0.922379312278018,0.9641424055340201
2024-03-06,463,1.0,0.9277196213236228,0.9666625989282874
2024-03-07,381,1.0,0.9028356997715555,0.9522137913649965
2024-03-08,327,1.0,0.9064042214715853,0.9580063242237068
2024-03-09,201,1.0,0.9041216745548035,0.9674822981146474
2024-03-10,198,1.0,0.8922180069100952,0.960258994742969
2024-03-11,377,1.0,0.8841435255233752,0.9382850145745852
2024-03-12,324,1.0,0.8994354400318926,0.9532209826310329
2024-03-13,365,1.0,0.9070841753865766,0.9562070564182911
2024-03-14,355,1.0,0.9373298924660203,0.9772676202578818
2024-03-15,253,1.0,0.9014908387917755,0.9603212452743416
2024-03-16,149,1.0,0.8360650690673608,0.9307270939655305
2024-03-17,152,1.0,0.838847349103024,0.9319693023774042
2024-03-18,324,0.9969135802469136,0.8991515620561761,0.9530848888093998
2024-03-19,265,1.0,0.890362850095714,0.9514762785869871
2024-03-20,286,1.0,0.9119947989698735,0.9646790288292254
2024-03-21,276,1.0,0.9167041908008804,0.9685168906204658
2024-03-22,265,1.0,0.890362850095714,0.9514762785869871
2024-03-23,163,1.0,0.883979793291725,0.9603427804271413
2024-03-24,233,1.0,0.9410297384352176,0.9858014503365096
2024-03-25,313,1.0,0.8930936545014903,0.9494018170853499
2024-03-26,271,1.0,0.864617489059097,0.9318501440760628
2024-03-27,282,1.0,0.8859528070571285,0.9467307318866414
2024-03-28,228,1.0,0.8581996075752616,0.9321707997107855
2024-03-29,163,1.0,0.8716232338084632,0.9523022346678165
2024-03-30,107,1.0,0.807020858131933,0.9240569412603188
2024-03-31,127,1.0,0.8551610582807215,0.9499265352494545
2024-04-01,260,1.0,0.9244809669947326,0.9745857437552051
2024-04-02,299,1.0,0.9017641103527031,0.9566802649221225
2024-04-03,296,1.0,0.8685786606310267,0.9324088814434887
2024-04-04,240,1.0,0.8882740230702526,0.9525365639905475
2024-04-05,215,1.0,0.8722077199544833,0.9442329670950088
2024-04-06,149,1.0,0.8545832125782394,0.9437885855933701
2024-04-07,155,1.0,0.8657612241271312,0.9500146076170785
2024-04-08,280,1.0,0.8852200673879324,0.9463764419857196
2024-04-09,219,1.0,0.8831518360051323,0.9514215931698942
2024-04-10,227,1.0,0.8868664970371604,0.9530252252472167
2024-04-11,206,1.0,0.8627194689060795,0.9386958739090802
2024-04-12,209,1.0,0.8600172783587552,0.9362641300458887
2024-04-13,116,1.0,0.8600577420320875,0.9563216001818101
2024-04-14,99,1.0,0.8027345329250918,0.9247460904145408
2024-04-15,240,1.0,0.8606357810515566,0.9324220721482465
2024-04-16,212,1.0,0.8447463645474417,0.9243520866702148
2024-04-17,259,1.0,0.9035831232474266,0.9611918065700128
2024-04-18,232,1.0,0.8848063867619063,0.9510069184441511
2024-04-19,208,1.0,0.8919971123444809,0.958816847705175
2024-04-20,119,1.0,0.8897579028885563,0.972831590771411
2024-04-21,135,1.0,0.8029661947750028,0.9102398792382704
2024-04-22,276,1.0,0.9167041908008804,0.9685168906204658
2024-04-23,260,1.0,0.9287898896032004,0.977186498250749
2024-04-24,277,1.0,0.8738623622021703,0.9382436039830367
2024-04-25,239,1.0,0.8717215610095607,0.9407923570529246
2024-04-26,230,1.0,0.9014534722214624,0.9625499741476335
2024-04-27,142,1.0,0.8617976747543338,0.9503321451417135
2024-04-28,152,1.0,0.876468666727377,0.9576511224071405
2024-04-29,322,1.0,0.8639237562734893,0.92647734741387
2024-04-30,314,1.0,0.8037241249718186,0.8774138863606152
2024-05-01,295,1.0,0.8302420583423081,0.9018744642733837
2024-05-02,295,1.0,0.8590561819635525,0.9251006061302435
2024-05-03,291,1.0,0.8573647439183262,0.9241665465266782
2024-05-04,161,1.0,0.8763802905851212,0.9558209491698069
2024-05-05,171,1.0,0.8438008225172594,0.9311876809645432
2024-05-06,297,1.0,0.8751619030804596,0.9373493144251552
2024-05-07,330,1.0,0.8668309144307711,0.9281039982453584
2024-05-08,324,1.0,0.8674275712231669,0.9290632390918576
2024-05-09,359,1.0,0.8974190330689019,0.9494713695903853
2024-05-10,282,1.0,0.8628472190822049,0.9293467352470247
2024-05-11,211,1.0,0.8655910424588181,0.9400344281960621
2024-05-12,173,1.0,0.8559619228343031,0.9395560774284745
2024-05-13,364,0.9972527472527473,0.8579782494879846,0.918476715150455
2024-05-14,342,1.0,0.8554533592280541,0.9180583012023897
2024-05-15,285,1.0,0.8032528209942975,0.8803491806393059
2024-05-16,309,1.0,0.8504622705540326,0.9169285098426005
2024-05-17,250,0.996,0.8368029633722031,0.912739641326697
2024-05-18,145,1.0,0.8029448891401114,0.9070112565196126
2024-05-19,196,1.0,0.8383411474571962,0.922194269476325
2024-05-20,364,1.0,0.8779165476753839,0.9342830870328781
2024-05-21,329,1.0,0.8889797847119637,0.9451812432848082
2024-05-22,344,1.0,0.9077185044924837,0.9578801769930885
2024-05-23,284,1.0,0.8574072023768446,0.9249103025851053
2024-05-24,294,1.0,0.8381729238973376,0.9084886430413145
2024-05-25,178,1.0,0.8293020307661156,0.9188460598044979
2024-05-26,203,1.0,0.8563994872473608,0.9345406215440477
2024-05-27,204,0.9950980392156863,0.7872827102027768,0.8798135013415672
2024-05-28,377,1.0,0.8489368305863518,0.9100428036922321
2024-05-29,334,1.0,0.8228331657895012,0.8917412949109452
2024-05-30,398,1.0,0.8734833489226168,0.9286046031756092
2024-05-31,425,1.0,0.8871589601390905,0.9379066176120117
2024-06-01,215,1.0,0.8305780417700598,0.9128667841754413
2024-06-02,256,0.99609375,0.8607198387584707,0.930657702016647
2024-06-03,429,1.0,0.8609726895341888,0.9166008520101011
2024-06-04,415,1.0,0.8427552145149987,0.9022615441765843
2024-06-05,458,1.0,0.8804001887908987,0.930876398239388
2024-06-06,417,1.0,0.8964983969701882,0.9455529897103617
2024-06-07,383,1.0,0.8691099133094484,0.9260554810925871
2024-06-08,234,1.0,0.8424116686197386,0.9192325270541224
2024-06-09,295,1.0,0.877565073022155,0.9393444023934591
2024-06-10,632,1.0,0.8758951132449296,0.920317521431179
2024-06-11,539,1.0,0.8864328877344018,0.9322724617233362
2024-06-12,594,1.0,0.8975252701664442,0.9393507871023868
2024-06-13,585,1.0,0.900892731494541,0.942331078005341
2024-06-14,583,1.0,0.8817264388332919,0.9268177240653217
2024-06-15,324,1.0,0.8619190009011325,0.9247237503640741
2024-06-16,404,1.0,0.8864934094249736,0.9385193591650144
2024-06-17,749,1.0,0.8970399904958181,0.9348280191294558
2024-06-18,678,1.0,0.8808108325692139,0.9230715745571638
2024-06-19,689,1.0,0.8774128627079748,0.9198905090138467
2024-06-20,721,0.9986130374479889,0.8724646180862091,0.9148184334427044
2024-06-21,602,1.0,0.8619390109901227,0.9095011592781624
2024-06-22,378,1.0,0.8426529105647939,0.9047456823941135
2024-06-23,355,1.0,0.8527757236239129,0.9148519799113346
2024-06-24,836,1.0,0.884123597256561,0.9220484907377691
2024-06-25,751,1.0,0.8680170535730566,0.9101686189305144
2024-06-26,773,1.0,0.8626161725742979,0.9049112805027458
2024-06-27,720,1.0,0.8784701791945828,0.9199438541589455
2024-06-28,640,1.0,0.858596762707975,0.9053057127757016
2024-06-29,355,1.0,0.8551944643984892,0.9168211367708041
2024-06-30,365,1.0,0.8423883982696782,0.9055127149120551
2024-07-01,1006,0.9990059642147118,0.8982441152774315,0.9311213447487883
2024-07-02,723,1.0,0.8911912173085631,0.9305803513050906
2024-07-03,674,1.0,0.8880969269000488,0.9292813966570096
2024-07-04,393,1.0,0.8499664688004717,0.9097670318376154
2024-07-05,654,1.0,0.8809588069250399,0.9238933094095232
2024-07-06,404,1.0,0.8535098760213125,0.911971106995448
2024-07-07,433,1.0,0.8503169966815782,0.9075012627371934
2024-07-08,1085,1.0,0.9050908355285299,0.9358348229171075
2024-07-09,846,1.0,0.8781424295249257,0.916699795880899
2024-07-10,760,1.0,0.8573136895475931,0.9006102494973258
2024-07-11,648,1.0,0.8666199299375427,0.9119345475306255
2024-07-12,666,1.0,0.8571595220326057,0.9032099674629622
2024-07-13,378,1.0,0.8771034626860504,0.9327257681476734
2024-07-14,415,1.0,0.8388158076065605,0.8989276477337018
2024-07-15,1059,1.0,0.9038294960957778,0.9351071482408451
2024-07-16,742,1.0,0.891270318910684,0.9301863747738688
2024-07-17,641,1.0,0.8574914726125702,0.9043176651510213
2024-07-18,646,0.9984520123839009,0.840634605897942,0.8894665278180749
2024-07-19,484,1.0,0.864142583999209,0.9163036113805496
2024-07-20,407,1.0,0.8381119111752818,0.8988662997559529
2024-07-21,476,1.0,0.8694278557906271,0.9210688008955511
2024-07-22,1076,1.0,0.8934986581727667,0.9260201703356178
2024-07-23,844,1.0,0.8999814899271854,0.9353030101431087
2024-07-24,804,1.0,0.888775773455528,0.9266850024306209
2024-07-25,655,1.0,0.8451544464894203,0.8930954725412336
2024-07-26,629,1.0,0.8795544093315134,0.9234844497474554
2024-07-27,409,1.0,0.8289714378504196,0.8909323963908854
2024-07-28,526,1.0,0.8908679192869553,0.9363483974337516
2024-07-29,1174,1.0,0.9328427577520184,0.9579459085862035
2024-07-30,738,1.0,0.8846922602029808,0.9247554372484572
2024-07-31,782,1.0,0.9009928791038602,0.9373808587625855
2024-08-01,690,1.0,0.889125883494165,0.9297042120211171
2024-08-02,618,1.0,0.8664477457958109,0.9127824264556735
2024-08-03,390,1.0,0.8599060391112185,0.9181512041253544
2024-08-04,446,1.0,0.846615728650688,0.9036163744061951
2024-08-05,1125,1.0,0.9081799937859083,0.9379576214460758
2024-08-06,821,1.0,0.8707102158110652,0.9108090403038358
2024-08-07,760,1.0,0.8971869699729614,0.9347021781533165
2024-08-08,681,1.0,0.8799864682040772,0.9222920026531573
2024-08-09,659,1.0,0.8751120752403275,0.9188170405967804
2024-08-10,412,1.0,0.8580597976922543,0.9152217607635476
2024-08-11,387,1.0,0.8458008125702331,0.9067199065331586
2024-08-12,957,1.0,0.9069382030167191,0.93919656863663
2024-08-13,758,1.0,0.9104584841161352,0.9456289447589977
2024-08-14,671,1.0,0.8593221673361756,0.9049256135923947
2024-08-15,654,1.0,0.8676949660097447,0.912662711949806
2024-08-16,607,1.0,0.8874042563668904,0.9306996057999264
2024-08-17,362,1.0,0.8600366975560313,0.920216583910434
2024-08-18,442,1.0,0.8567840798665007,0.912382924224033
2024-08-19,1128,1.0,0.9116825452293023,0.9408871654610038
2024-08-20,762,1.0,0.887951277286221,0.9269288616852911
2024-08-21,612,1.0,0.8424025771493666,0.8922250570558
2024-08-22,521,1.0,0.8693229851848826,0.9189246360513632
2024-08-23,538,1.0,0.8762468224323976,0.923964433339126
2024-08-24,350,1.0,0.8558592764958524,0.9177491355254679
2024-08-25,338,1.0,0.8643219353234451,0.9254809719937103
2024-08-26,1037,1.0,0.8924556855931589,0.9256804410581634
2024-08-27,710,1.0,0.8660958975277778,0.9096184081405737
2024-08-28,601,1.0,0.8603382448781343,0.9081686928035795
2024-08-29,590,1.0,0.866672496014595,0.9139645760338447
2024-08-30,474,1.0,0.8782883492020105,0.9284057311439606
2024-08-31,270,1.0,0.847774465071805,0.9188535670070305
2024-09-01,275,1.0,0.8029039413767272,0.8813160599856308
2024-09-02,755,1.0,0.9216360036595345,0.9546202528349249
2024-09-03,696,1.0,0.8553884259532802,0.9007370712527039
2024-09-04,619,1.0,0.8439278001278445,0.8932984609067679
2024-09-05,542,1.0,0.8398110663665872,0.8928578106240423
2024-09-06,476,1.0,0.8532425649918484,0.9075686919199285
2024-09-07,259,1.0,0.8455342158251204,0.9183880993597623
2024-09-08,337,1.0,0.8587411920375349,0.9211105888603501
2024-09-09,886,1.0,0.9336545325937238,0.961907748158967
2024-09-10,619,1.0,0.9216080009367936,0.9575739391831987
2024-09-11,573,0.9982547993019197,0.8923478635197996,0.9358865191652598
2024-09-12,598,1.0,0.8981477505877239,0.9397277769521878
2024-09-13,473,1.0,0.8955621491636955,0.9422187105813405
2024-09-14,313,1.0,0.8576829482106283,0.9223270901794308
2024-09-15,325,1.0,0.8542066770422952,0.9184827376007384
2024-09-16,779,1.0,0.8913018237565499,0.9293625040167828
2024-09-17,636,1.0,0.8765876269492632,0.9207733617558227
2024-09-18,620,1.0,0.882280622315811,0.926045015447302
2024-09-19,488,1.0,0.8795600096784015,0.928794313799161
2024-09-20,359,1.0,0.8565998565020676,0.9176572499491901
2024-09-21,209,1.0,0.8070419329518719,0.895019383630978
2024-09-22,326,1.0,0.8822484576214434,0.9403357016308498
2024-09-23,694,1.0,0.8975772826965874,0.9365888990203876
2024-09-24,457,1.0,0.8355219499869019,0.8935090829992092
2024-09-25,419,1.0,0.8748246733420618,0.9284456436134109
2024-09-26,389,1.0,0.8897774169453874,0.9419128400492448
2024-09-27,315,1.0,0.8612739155256754,0.9249924072504592
2024-09-28,200,1.0,0.7999129647469762,0.8909214627564404
2024-09-29,218,1.0,0.8651148636418498,0.9386856363548693
2024-09-30,736,0.9972826086956522,0.910358219091687,0.9460549660893126
2024-10-01,391,1.0,0.8408034392679288,0.902251327639118
2024-10-02,362,1.0,0.8624536398439252,0.9221647021790563
2024-10-03,305,1.0,0.8573044162386023,0.9227638817857658
2024-10-04,261,1.0,0.849885926881805,0.9215692869426726
2024-10-05,175,1.0,0.8317285758584666,0.9213371945278165
2024-10-06,194,1.0,0.8324694636569688,0.918061268789547
2024-10-07,695,0.9985611510791367,0.9369383672030888,0.9674983807871734
2024-10-08,413,0.9975786924939467,0.9071534119276362,0.9538272157834411
2024-10-09,324,1.0,0.8758587658427932,0.935609391257442
2024-10-10,310,1.0,0.921769756763029,0.9695671758737275
2024-10-11,258,1.0,0.8586483793978674,0.9287217904815448
2024-10-12,136,1.0,0.8862507865935308,0.9670052923521402
2024-10-13,164,1.0,0.8380757898182399,0.928527561090185
2024-10-14,539,1.0,0.923837600812706,0.9614241160094972
2024-10-15,319,1.0,0.8770220352954333,0.9369014830246285
2024-10-16,314,1.0,0.9093242169221334,0.9609060921931444
2024-10-17,238,1.0,0.8833037533320262,0.9492606672947957
2024-10-18,180,1.0,0.8357286939953947,0.9233062390161465
2024-10-19,123,1.0,0.7746970749749333,0.892674335901619
2024-10-20,151,1.0,0.8149656522319276,0.9145007176719864
2024-10-21,441,1.0,0.9038390846911614,0.9500003466182934
2024-10-22,291,1.0,0.8396213199229066,0.9099868530161788
2024-10-23,252,1.0,0.8252586188054516,0.9030249189917834
2024-10-24,223,1.0,0.8357703740547556,0.9156655304093186
2024-10-25,209,1.0,0.8470427618154662,0.9265813644938086
2024-10-26,109,1.0,0.7204725576629747,0.8546416131501943
2024-10-27,146,0.9931506849315068,0.8029448891401114,0.9070112565196126
2024-10-28,487,1.0,0.9310673916972794,0.9682383365111639
2024-10-29,269,1.0,0.8671183770896713,0.9339676429288367
2024-10-30,257,1.0,0.8444984664668408,0.9178170123489565
2024-10-31,217,1.0,0.8561011642108086,0.9321635751145347
2024-11-01,229,1.0,0.8877585687104932,0.9534097223544656
2024-11-02,109,1.0,0.8522002206672478,0.9537156905550092
2024-11-03,128,1.0,0.8486440170689254,0.9453267758524452
2024-11-04,447,1.0,0.9471264473606062,0.9802273999557347
2024-11-05,265,1.0,0.8940992498544291,0.9541165196192202
2024-11-06,282,0.9964539007092199,0.8721529261146281,0.9365630502772584
2024-11-07,210,1.0,0.8352205218653298,0.9173381777132371
2024-11-08,174,0.9942528735632183,0.8506196921810738,0.9357300925429072
2024-11-09,93,1.0,0.8204672014603477,0.9399072736958074
2024-11-10,107,1.0,0.8319833684914805,0.9413702836914934
2024-11-11,325,1.0,0.9121593720812898,0.9621629564483348
2024-11-12,219,1.0,0.8572506495429608,0.9327296455126538
2024-11-13,231,1.0,0.8759694600889977,0.9448509225227434
2024-11-14,222,1.0,0.8589408789949542,0.9335612503542016
2024-11-15,174,1.0,0.7635579472139615,0.8665337496600425
2024-11-16,93,1.0,0.6924293655773727,0.8405094853418662
2024-11-17,121,1.0,0.759433819239244,0.8812427352022463
2024-11-18,363,0.9972451790633609,0.8458701534141009,0.9086346985583147
2024-11-19,202,1.0,0.7513046065454392,0.84906833099694
2024-11-20,189,1.0,0.7596723391458756,0.8593872330415588
2024-11-21,167,1.0,0.7202308499324114,0.8306281228257764
2024-11-22,175,0.9942857142857143,0.7361497177195503,0.8427368097510834
2024-11-23,89,1.0,0.7106617796256579,0.8590817322042891
2024-11-24,101,1.0,0.6369366737284513,0.7842130512124497
2024-11-25,399,1.0,0.8414771655557671,0.9022571986252901
2024-11-26,241,1.0,0.7836428364127933,0.8697704311436044
2024-11-27,195,1.0,0.8118793152370746,0.9016555713978949
2024-11-28,112,1.0,0.6665235712150545,0.8049259617269973
2024-11-29,131,1.0,0.7464649737409269,0.8662444394169166
2024-11-30,117,1.0,0.759213238800484,0.8828674893881027
2024-12-01,135,1.0,0.7037793217254857,0.8274169994883707
2024-12-02,437,0.9977116704805492,0.8454864661961714,0.9032532551049346
2024-12-03,287,1.0,0.7888149715657509,0.8676434324778035
2024-12-04,237,1.0,0.8194150619496229,0.9004195488501998
2024-12-05,217,1.0,0.7846486696100444,0.8748379314414957
2024-12-06,187,1.0,0.8363349645662695,0.9223635370274629
2024-12-07,161,1.0,0.8582138744275107,0.9435927895259157
2024-12-08,151,1.0,0.856270629798359,0.9444754771624797
2024-12-09,461,1.0,0.9343152884258876,0.9713296789873599
2024-12-10,322,1.0,0.8927804382936786,0.9485072320670747
2024-12-11,282,1.0,0.8963760137425367,0.9542257299584479
2024-12-12,236,1.0,0.8291824307421993,0.9084702852804941
2024-12-13,256,1.0,0.8907296336690097,0.9526045954091544
2024-12-14,132,1.0,0.8182903386460475,0.9227315956032063
2024-12-15,150,1.0,0.8430305315520802,0.9354683820614659
2024-12-16,454,1.0,0.9240888457480145,0.9644012926327713
2024-12-17,281,1.0,0.849854598300093,0.9192761214061616
2024-12-18,302,1.0,0.8648855596513595,0.9289957111253101
2024-12-19,256,1.0,0.8576830532654063,0.9282148229407912
2024-12-20,253,1.0,0.8669583290045713,0.9356110243013074
2024-12-21,119,1.0,0.7271349340771296,0.8551672663709159
2024-12-22,158,1.0,0.8742856848337057,0.9550363986979021
2024-12-23,385,1.0,0.8961670064553524,0.9470081338832896
2024-12-24,264,1.0,0.8415523296022684,0.9146185531298265
2024-12-25,141,1.0,0.8219758916570531,0.922645742897297
2024-12-26,305,1.0,0.7989936127131706,0.874321518395188
2024-12-27,309,0.9935275080906149,0.8413223050007883,0.9097229232262688
2024-12-28,234,0.9914529914529915,0.8375487996743614,0.915707064478754
2024-12-29,248,0.9959677419354839,0.8391043506106104,0.9148372844421795
2024-12-30,455,0.9978021978021978,0.8735380520702319,0.9255281650674301
2024-12-31,291,0.9965635738831615,0.833413058100067,0.905030303294114
2025-01-01,198,1.0,0.8397436725773721,0.9229030377262053
2025-01-02,333,1.0,0.8393991223471802,0.9056998976652416
2025-01-03,285,1.0,0.8672969555051904,0.9324732125029993
2025-01-04,192,0.9895833333333334,0.8294731892069708,0.9165184702423783
2025-01-05,207,1.0,0.8290919517753726,0.913064538174661
2025-01-06,391,1.0,0.8691984490931803,0.925609536260427
2025-01-07,356,0.9971910112359551,0.8803429355348338,0.9367803019227063
2025-01-08,256,1.0,0.8180777713065581,0.896584030784642
2025-01-09,256,0.99609375,0.8434487461089005,0.9172378729337581
2025-01-10,204,1.0,0.9002141432599632,0.9646591414834911
2025-01-11,115,1.0,0.7822282103387016,0.9020047573021208
2025-01-12,152,1.0,0.7695896760940277,0.8780177089850982
2025-01-13,359,0.9972144846796658,0.8891041230821741,0.9432924459166283
2025-01-14,283,1.0,0.8897427374613486,0.9493957126370244
2025-01-15,259,0.9961389961389961,0.865672479234904,0.934073817697394
2025-01-16,266,0.9962406015037594,0.890362850095714,0.9514762785869871
2025-01-17,234,1.0,0.9029977562632928,0.9631571802661391
2025-01-18,132,1.0,0.8752224911727352,0.9613015184376913
2025-01-19,126,1.0,0.8391397767648922,0.9394944987159146
2025-01-20,313,1.0,0.9090573765638126,0.9607876782037695
2025-01-21,319,1.0,0.8858495786117508,0.9435845591871876
2025-01-22,277,1.0,0.9093588163013961,0.9635884147099874
2025-01-23,294,1.0,0.8901601158791654,0.9487618879885759
2025-01-24,203,0.9950738916256158,0.8696346687562609,0.9442716546287355
2025-01-25,127,1.0,0.8960961509095159,0.974468323095429
2025-01-26,144,1.0,0.8773980902009622,0.9599140496918619
2025-01-27,309,1.0,0.8794940797483359,0.9395987398499809
2025-01-28,226,1.0,0.8452903210619074,0.9226230024669567
2025-01-29,197,1.0,0.8093885387946655,0.8992477186438678
2025-01-30,195,1.0,0.8376306485493716,0.9218349735691264
2025-01-31,206,1.0,0.9223709471939441,0.9778235313695466
2025-02-01,139,1.0,0.8808709965832703,0.9631400579987284
2025-02-02,169,0.9940828402366864,0.8871002756924606,0.9614563078011557
2025-02-03,392,0.9974489795918368,0.9371008713371058,0.9756596670309658
2025-02-04,343,1.0,0.8875043030703774,0.9430834027455409
2025-02-05,270,1.0,0.8814105271674995,0.944531852943271
2025-02-06,226,1.0,0.8531191820406091,0.9286145156848586
2025-02-07,198,1.0,0.8974552042241853,0.9636443221245292
2025-02-08,135,1.0,0.8484649358851503,0.9432043478700578
2025-02-09,138,1.0,0.8653774250568133,0.9536468180607831
2025-02-10,334,1.0,0.9082089565433248,0.9588392113172004
2025-02-11,243,1.0,0.8775068443676065,0.944538553368458
2025-02-12,222,1.0,0.8508204595513716,0.9274465146101649
2025-02-13,196,1.0,0.8383411474571962,0.922194269476325
2025-02-14,202,1.0,0.8338913970253742,0.9176925123791307
2025-02-15,136,1.0,0.8228102864619795,0.9247746341166257
2025-02-16,110,1.0,0.8036548163021324,0.9203042230196258
2025-02-17,287,1.0,0.8556322468228655,0.9232088868250417
2025-02-18,237,1.0,0.8828615146636739,0.9490610007633132
2025-02-19,207,1.0,0.8588317571836136,0.9356998041868632
2025-02-20,217,1.0,0.8358221645798647,0.9166546047011518
2025-02-21,165,1.0,0.8335678254149572,0.9249592835011076
2025-02-22,110,1.0,0.7284423237860052,0.8608721969237852
2025-02-23,87,1.0,0.8100989745372886,0.936157957796846
2025-02-24,283,1.0,0.8829244626595364,0.9444186499976587
2025-02-25,228,1.0,0.8622041255833329,0.9351642460966441
2025-02-26,218,1.0,0.8872147814357617,0.9543471575229456
2025-02-27,212,1.0,0.8938490611894715,0.959549979538023
2025-02-28,154,1.0,0.8713799915330105,0.953945924403155
2025-03-01,84,1.0,0.8262116454045955,0.9482489169983388
2025-03-02,107,1.0,0.8497906795795463,0.9529130251049331
2025-03-03,266,1.0,0.8798149927788205,0.9437579798703891
2025-03-04,181,1.0,0.8317124737975756,0.9200534578941947
2025-03-05,155,1.0,0.7978452037959466,0.9000496423858653
2025-03-06,190,1.0,0.8478820202398043,0.9304665464869065
2025-03-07,167,1.0,0.8198410811866932,0.9140884287331597
2025-03-08,83,1.0,0.7445181876635703,0.8910652394022684
2025-03-09,84,1.0,0.7557955544110558,0.8990479765052628
2025-03-10,229,0.9956331877729258,0.8426391754743155,0.9202759423596494
2025-03-11,175,1.0,0.8125118698687742,0.9064875937964908
2025-03-12,134,1.0,0.7669970030670682,0.8821109890902513
2025-03-13,141,1.0,0.7657441341898211,0.8785205297341189
2025-03-14,111,1.0,0.7364453034544604,0.8670695671519515
2025-03-15,79,1.0,0.8053880872134395,0.9378132363311784
2025-03-16,70,1.0,0.7189479436715508,0.8821099181652817
2025-03-17,160,1.0,0.7433315052438351,0.8531930735407931
2025-03-18,96,1.0,0.7060439583463516,0.8502108890173182
2025-03-19,85,1.0,0.6651990148002161,0.8226409326157725
2025-03-20,102,1.0,0.7459583844379699,0.879816011376851
2025-03-21,86,1.0,0.6958449001339267,0.848771479115838
2025-03-22,57,1.0,0.588612172265634,0.7841674590553106
2025-03-23,65,1.0,0.6830297632703793,0.858185506830586
2025-03-24,159,1.0,0.8282312959914844,0.9224149124836377
2025-03-25,149,1.0,0.8421212542980872,0.935073496575668
2025-03-26,137,1.0,0.8239054053780768,0.9252686145260289
2025-03-27,131,1.0,0.8989997248371694,0.9752148920312246
2025-03-28,101,1.0,0.8059859770289615,0.926080908640703
2025-03-29,37,1.0,0.7499931819289246,0.9480627323498092
2025-03-30,70,1.0,0.7849700281693438,0.9306651696322249
2025-03-31,139,1.0,0.9043459888049975,0.9765842735520517
2025-04-01,106,1.0,0.8394630248893352,0.9466900879459798
2025-04-02,108,0.9907407407407407,0.8889774080762061,0.9754407443626515
2025-04-03,99,1.0,0.9170680330254163,0.9899477339319995
2025-04-04,73,1.0,0.8739053481109362,0.9796156113950606
2025-04-05,44,1.0,0.919701682217986,0.9999999999999998
2025-04-06,37,1.0,0.9059390425448562,1.0000000000000002
2025-04-07,106,0.9905660377358491,0.8664910433596898,0.9636927268043614
2025-04-08,102,1.0,0.9193423526396465,0.9902363378610443
2025-04-09,92,1.0,0.9257083451044751,0.9941457864714599
2025-04-10,74,1.0,0.9282646257525621,0.9976425095668631
2025-04-11,44,1.0,0.919701682217986,0.9999999999999998
2025-04-12,18,1.0,0.7536078466345479,0.99064824750947
2025-04-13,16,1.0,0.8063865817272801,1.0
2025-04-14,39,1.0,0.7602056485186641,0.950472924104325
2025-04-15,18,1.0,0.8241154494176252,1.0000000000000002
2025-04-16,7,1.0,0.6456611570247934,1.0
2025-04-17,1,1.0,0.20654329147389294,1.0
2025-04-18,5,1.0,0.565508505247919,1.0000000000000002
2025-04-19,2,1.0,0.3423719528896193,1.0
